"dataset","week","celltype_use","PLD1_mean","PLD1_median","MMP2_mean","MMP2_median","MMP9_mean","MMP9_median","CDH1_mean","CDH1_median","GALNT1_mean","GALNT1_median","HLA-G_mean","HLA-G_median","FLT1_mean","FLT1_median","PGF_mean","PGF_median","VEGFA_mean","VEGFA_median","NKG7_mean","NKG7_median","GNLY_mean","GNLY_median","score_MMP_ECM_Remodeling_mean","score_MMP_ECM_Remodeling_median","score_Immune_Tolerance_mean","score_Immune_Tolerance_median","score_Cytotoxic_NK_mean","score_Cytotoxic_NK_median","score_Ethanolamine_Metabolism_mean","score_Ethanolamine_Metabolism_median","ratio_log_PLD1_MMP9_mean","ratio_log_PLD1_MMP9_median","n_cells"
"Multiome",6,"vCTB2",0.0607016614441301,0,0.046641301295742,0,0.00158256021629054,0,1.11340955798522,1.3821183853407,0.217097979392178,0,0.0211891134681874,0,0.622640715048319,0,0.137297698982465,0,0.0108619454181558,0,0,0,0,0,-0.128048769778279,-0.159135501103355,-0.0330733611408139,-0.0527116094391132,-0.000979552621484993,0,-0.135754330355325,-0.181164054334889,0.036322347496993,0,1322
"Multiome",6,"Fibroblast2",0.299677174244893,0,0.317949250918359,0,0,0,0.0277217068312181,0,0.354758498112931,0,0.0246116704188363,0,1.21552263180212,1.47298840037862,0.132999249652575,0,0.630695450868074,0,0,0,0,0,0.0966220639016696,0.0891664218192755,-0.0132203699156972,-0.05365908851097,-0.00126674960757465,-0.00169274167425971,-0.0961106139301883,-0.163162626150196,0.175161630651575,0,712
"Multiome",6,"vCTBp",0.116995311307006,0,0.042110556683773,0,0.0020005588789583,0,1.23700313895495,1.47833155195499,0.306299619858246,0,0.0102287360211524,0,0.646251062842894,0,0.176144631851696,0,0.039630098853927,0,0,0,0.00146971967975697,0,-0.187660644509703,-0.210642485102356,-0.0548456663078994,-0.0705468217274718,-0.00137178714872386,-0.00149978084313333,-0.120034535220171,-0.14650750121509,0.076054279122222,0,685
"Multiome",6,"EVT2",0.14035819435687,0,1.01674406930773,0.861962074283431,0,0,0.259547557693292,0,0.647866448995578,0.616622606232002,0.546098287097739,0,2.509851468073,2.83488812332459,1.25713316959864,1.397039829628,0.0681020564288573,0,0,0,0,0,-0.000275173247810092,-0.0268091101784826,0.17507204686498,0.160320516747573,-0.00133683028943319,-0.00148100274914384,-0.143209487857432,-0.155758044481864,0.0960808618619686,0,387
"Multiome",6,"STB",0.0480698116252722,0,0.0573145274719898,0,0,0,0.548401573576213,0,0.235361736348133,0,0.00698545213472067,0,0.96730312126897,0,0.94174027574108,0,0.125670952281846,0,0,0,0,0,-0.0168858232497092,-0.0217411756340604,-0.0154374756774028,-0.0456697494273835,-0.0012061238505479,-0.000653670122030989,-0.0965129205635115,-0.150855374098438,0.0300295485671281,0,209
"Multiome",6,"vCTB3",0.0833933957675463,0,0.0343599834052073,0,0,0,1.40212221901969,1.66512360354455,0.31407951076581,0,0.0132860890424744,0,0.795190225261321,0,0.122451538437514,0,0.00556621832676788,0,0,0,0.0322671821016326,0,-0.157633945924559,-0.189555034701695,-0.0436512023653564,-0.0645215784947235,0.00228110185061334,-0.00110560618044404,-0.139979324147294,-0.160941041179498,0.0499934405516974,0,151
"Multiome",6,"Fibroblast1",0.127394850150101,0,0.116176472168485,0,0,0,0.00855078499407321,0,0.316212553427055,0,0.00436325079564888,0,2.35017559730096,2.52409465701661,0.215189054122894,0,0.316894363240636,0,0,0,0,0,-0.132970122237422,-0.164252928592545,-0.0476861650167667,-0.0723841118601574,-0.00235975238047969,-0.00200543990259971,-0.0725581778731041,-0.105304729925203,0.0793321615022811,0,133
"Multiome",6,"Endothelial_cells",0.537836993490817,0,0.0470764801432102,0,0,0,0.141631798487868,0,0.407169894084398,0,0.0211671092753239,0,1.91848465514416,2.32567743477468,0.0870684093391591,0,0,0,0,0,0,0,-0.165656877700987,-0.185106078987154,-0.021119326219059,-0.0622359830618483,-0.00348889466146767,-0.003275305301815,-0.104028568917918,-0.169594266545659,0.320601423566845,0,41
"Multiome",6,"EVT1",0.243049386130641,0,0.878256382744069,0.830514249634361,0,0,0.897321788241005,0.949545584229786,0.549515528989334,0.74441837037072,0.41544686267956,0,1.95786966728743,2.1733069946746,0.933676885264182,1.22211208890727,0.0629555896474833,0,0,0,0,0,-0.0692964208473007,-0.0534780681098353,0.109094496188327,0.117498319324702,-0.00193081185794419,-0.00218789305122071,-0.134434624353468,-0.148197346271419,0.154570196826759,0,25
"Multiome",6,"unknown2",0.133770291078847,0,0.417042529295,0,0,0,0.483656407933743,0,0.581258950090781,0.28229465441862,0.263842443043374,0,1.83918030545627,2.3332841725049,0.445007513427351,0,0.246038549725787,0,0,0,0,0,-0.107435870714604,-0.170300308151081,0.0186964242455185,-0.00576687641008351,-0.00270483361188347,-0.00259798287348012,-0.114947204975413,-0.128038969103126,0.103305776573855,0,18
"Multiome",6,"EVT3",0.255137503754288,0,1.66838221319717,1.77930181400066,0,0,0.375117478672398,0,0.291628027143293,0,1.32226032233584,1.15706388663339,3.4476365314411,3.39114133175581,1.01640032139863,0.844471394685243,0.0797863001498689,0,0,0,0,0,0.268205353896827,0.297447518755972,0.221942998172776,0.242182280056346,-0.00149752477220703,-0.00157401600110142,-0.162342095109065,-0.146447252750289,0.17417366790083,0,12
"Multiome",6,"maternal macrophages",0.365888908443009,0,0,0,1.10459884170673,0,0,0,0.230392116894658,0,0,0,0.135600670402751,0,0,0,0,0,0,0,0,0,0.300412531401629,0.286313860073246,0.095638900184354,0.149665363327596,-0.00167601916929822,-0.00106171482439935,-0.0693107509507479,-0.146641400463678,-0.274344230441543,0,8
"Multiome",6,"Hofbauer cells",0.543340385218693,0,0,0,0.763743496489055,0,0.327715478783621,0,0.418996105772719,0,0,0,1.28628531035158,1.16696048982386,0.625031159008947,0,0,0,0,0,0,0,0.0619113925079952,0.00299730743638441,0.115392750897521,0.0813039154285325,-0.00220568057478708,-0.00201838644065122,-0.0453202571351748,-0.119973988037376,-0.0722770172362052,0,6
"Multiome",6,"Maternal fibroblast",0,0,0.937772255919467,1.13768625351891,0,0,0,0,0,0,0,0,0,0,0,0,0,0,0,0,0,0,0.107719844058866,0.0793398888828596,-0.0824609300978605,-0.0829476252365612,-0.00428917480331224,-0.00386089980239515,-0.174324397522507,-0.185042190998087,0,0,3
"Multiome",7,"vCTB2",0.0826345043961499,0,0.0141662235512039,0,0,0,1.25734738536615,1.37082116697761,0.49412028405712,0,0.0135995865845137,0,0.886704445785764,0.938892303619262,0.151390470166414,0,0.0101527033364924,0,0,0,0.00055839881701972,0,-0.0941613699150347,-0.102433028417994,-0.0208463932289943,-0.0251063746730258,-0.000509003625684053,-0.000925772716397399,-0.122032262954088,-0.132355313308292,0.0570296874427635,0,2047
"Multiome",7,"Fibroblast2",0.65988128969238,0,0.650110319304158,0.666097136916701,0.00424162557267278,0,0.0208110805109618,0,1.04266015099434,1.14420832087282,0.0189078671342056,0,1.33838003331559,1.45597490342979,0.0714532648999264,0,0.540228880712574,0,0.000633604021354495,0,0.000857968757941624,0,0.201854182637919,0.198711488092361,-0.0540733844725372,-0.0798307891104612,0.000643317275175825,-0.001360819989075,-0.0432424650512979,-0.0598509298438182,0.402123112431988,0,1526
"Multiome",7,"vCTBp",0.110365402825552,0,0.0172803546190564,0,0,0,1.24886854711884,1.34598931644928,0.483531554153992,0.502255041346229,0.00757360145445878,0,0.63026600657392,0.619065583191926,0.113153849667183,0,0.0239424938199713,0,0,0,0,0,-0.16250629756265,-0.167174558521923,-0.0566387953618019,-0.0762113939576511,-0.000476293253311768,-0.000959937525215593,-0.113771161339017,-0.120828748315573,0.0797939918699272,0,807
"Multiome",7,"EVT2",0.192555279893878,0,1.35517158577196,1.49995559776695,0.004471651992464,0,0.336593906285756,0,1.5089829819927,1.54355607580715,0.485665183687937,0,2.08888984486188,2.22079752695588,1.73308414056874,1.77156229481191,0.0306327871651495,0,0,0,0.00270306420423387,0,0.223953708342019,0.20253006904874,0.130463483978391,0.121629535418519,-0.000689155816749532,-0.00139399560653779,-0.171318184452313,-0.186222343044883,0.142365803550152,0,345
"Multiome",7,"STB",0.0360566338694104,0,0.0228011146064779,0,0,0,0.6423951632001,0.582991676340457,0.437032037696418,0,0.0116471087209957,0,0.827226191262133,0.62188783570515,1.5500574260898,1.59113220953525,0.0432294482509345,0,0,0,0.0029244643303108,0,0.000979749568159206,-0.00834213324609759,0.0223371881450128,0.019718244661349,-0.000529278150102797,-0.000766325631528563,-0.101532477824665,-0.111195382890617,0.0247498198437136,0,327
"Multiome",7,"Fibroblast1",0.219520930665381,0,0.146700245988384,0,0,0,0.0141143876049612,0,0.516600219325145,0,0.0117162018063181,0,2.28822080065851,2.45583068118429,0.216778209323803,0,0.240133810832382,0,0,0,0,0,-0.0407029097880082,-0.0448683607658098,-0.0651372778836451,-0.0829607896236118,-0.00100840709382407,-0.00150927447962545,-0.0623164837598354,-0.0686493017966907,0.141025648527093,0,299
"Multiome",7,"Endothelial_cells",0.70695392626778,0.698396725471648,0.156261584201712,0,0,0,0.0538060962717148,0,0.913686256241183,1.04752222917265,0.0122745563425398,0,1.56422162350146,1.7575189618172,0.0240947861767252,0,0.0502407125095665,0,0,0,0,0,-0.121243061267191,-0.148879084672858,-0.0554461266425257,-0.0742356337855637,-0.00302177852422411,-0.00288636618727614,-0.0485029416562102,-0.043736055653091,0.439752543645114,0.529639391030031,92
"Multiome",7,"vCTB1",0.215228000818281,0,0.0239089197188651,0,0,0,1.34206895220068,1.43907967935122,0.509657735487532,0,0.0134407135171788,0,0.881427954138071,0.863942226744087,0.0739613227784511,0,0.00929784121772892,0,0,0,0,0,-0.189596127313225,-0.222532113097635,-0.0491965747828102,-0.0660401550495222,-0.000301334071383528,-0.000977468148207097,-0.0887845467531436,-0.0900307756633252,0.137553575015437,0,85
"Multiome",7,"EVT3",0.281570728128435,0,2.08288777273246,2.19675064367802,0,0,0.44287726115096,0,0.850754249808797,0.902491302479983,1.93415674970581,2.15931324215,3.60611065274216,3.89184369163359,0.970949340072889,0.947510231438569,0.092555930861296,0,0,0,0,0,0.49766958439664,0.571894154940643,0.225915221221556,0.246804107270876,-0.00131645448697357,-0.000992043611994013,-0.139601352980069,-0.152788833883554,0.206898516470263,0,79
"Multiome",7,"unknown2",0.318469828941892,0,0.308360514139334,0,0,0,0.418660379569912,0,0.731189669659735,0,0.02246695239584,0,0.849705078367267,0,0.293203644449749,0,0.396397967234548,0,0,0,0,0,0.0524529101994709,0.0527172337380478,-0.0435497919586371,-0.0655499115514337,-0.00357514861202492,-0.00224851749387643,-0.097098394456444,-0.115122584181488,0.211117980929023,0,51
"Multiome",7,"Hofbauer cells",0.95187350143065,1.0073565004548,0,0,0.0599652670379477,0,0.0483362884929934,0,0.684311214023548,0,0.0350250030527587,0,0.184297099722401,0,0.0488281336407107,0,0.688635711425516,0,0,0,0,0,0.213002869113394,0.214341242046119,0.0388103678206478,0.0412886950634714,-0.00220631134392186,-0.0017539464633004,0.0470769441028927,0.0351230252831682,0.49963599501678,0.696813243083076,44
"Multiome",7,"maternal macrophages",0.542794053064081,0,0.2125471549187,0,0.240112706017703,0,0.0625399291407989,0,0.606468132888728,0,0.0509342895522143,0,0.183122237256595,0,0.0365187691964307,0,0.131704297140325,0,0.0488614155886102,0,0,0,0.378186751681045,0.434924296973925,0.112423366747832,0.108303634895486,0.00553535705785677,-0.00180217960131756,0.0442535269537989,-0.00440649829405321,0.180742144376169,0,41
"Multiome",7,"EVT1",0.131688163428901,0,0.258178269081727,0,0,0,0.874709497796136,0.960487765550459,1.06998116363452,1.32216344047894,0.074710291802557,0,1.55412806322504,1.66035992329323,0.971844996262428,0.858553759016645,0,0,0,0,0,0,0.0416374284042153,0.0169430127159898,0.0158777920312425,0.00950073548255072,-0.00127170356428687,-0.00114477522290925,-0.12333763423015,-0.119445975100772,0.0854463469116323,0,18
"Multiome",7,"Maternal fibroblast",0.306507088499358,0,0.333088434100481,0,0,0,0,0,0.448303560303695,0,0,0,0,0,0,0,0.147330911610169,0,0,0,0,0,0.308467645879099,0.300453118440121,-0.0693880387487969,-0.0825553175909592,-0.0031507070125501,-0.00319563372060455,-0.0127281542371608,-0.0134076265964862,0.194082323913513,0,13
"Multiome",7,"vCTB3",0,0,0,0,0,0,1.57440059167669,1.59644557250386,0.641993466071177,0.844488709825845,0,0,1.72322192826299,1.83214584480824,0,0,0,0,0,0,0,0,-0.0400009280752757,-0.0191566839194247,-0.03897780630009,-0.0517872761196225,-0.0010039123543206,0,-0.0964292964796569,-0.121807544652335,0,0,7
"Multiome",8,"vCTB2",0.132330836057283,0,0.0193403961330531,0,0.00102915166271604,0,1.35906471343679,1.48825403874963,0.503091209416415,0,0.0324965515536265,0,1.55216985550855,1.6830825244673,0.243111086766981,0,0.032856371051311,0,0.000218211034196613,0,0.00217210455685605,0,-0.0767212428257582,-0.0829590126360532,-0.00180832140436194,-0.00187503736866039,-0.00051950322603682,-0.000972564744978242,-0.060585206611993,-0.0693388039151659,0.0874540258258309,0,5437
"Multiome",8,"vCTBp",0.214194922484971,0,0.0255363925990415,0,0.00107156541529398,0,1.43627719930956,1.51161964230335,0.511720165263373,0,0.0272240346554061,0,1.28223683695474,1.39826268981581,0.13304045783357,0,0.0326766730776604,0,0,0,0.000359468744265194,0,-0.151956248135255,-0.154888325370605,-0.0425154769326134,-0.0504902848814466,-0.000764709087744227,-0.00106301647208902,-0.0621762704491449,-0.0721682068106714,0.147236303680809,0,1501
"Multiome",8,"STB",0.0735109790286263,0,0.0257107544678835,0,0.0031214582913234,0,0.664463566540366,0.592989170245379,0.490443577065524,0,0.0444855829100822,0,1.10394787871894,1.11839673981929,1.55080196329354,1.64937785337787,0.118150928448167,0,0,0,0.00101516385738016,0,0.0123930521754898,-0.000225948801208353,0.044237075339486,0.0388599570129302,-0.000773432967003872,-0.000767384769306878,-0.0547473027460874,-0.0637531803950015,0.0483041542710964,0,703
"Multiome",8,"EVT2",0.159721812148298,0,1.17308477292525,1.20753159438098,0.0153376910733293,0,0.253195508987139,0,1.29755993530254,1.40994050349361,1.13262394248925,1.06609867420757,2.33037040921251,2.50143857511357,1.64934418333211,1.75326763799079,0.0389432638138504,0,0,0,0,0,0.190709989617151,0.166872546013843,0.222800396452131,0.22431770130012,-0.00137619994263189,-0.00132426029581552,-0.154023808815455,-0.165833782297983,0.104026724560721,0,614
"Multiome",8,"Fibroblast2",0.584098681452974,0,0.684495011754168,0.45497714366971,0.00526187631161425,0,0.0653964191668254,0,1.06594125265985,1.17065114251001,0.0903386957283629,0,1.77338278461864,1.93307784356284,0.155906475363904,0,0.657841072738131,0,0,0,0.00539063083148275,0,0.185055074996331,0.185622402113979,-0.0383679486681722,-0.0623851416453252,0.000765584228133628,-0.00166080600081284,-0.0475456123426903,-0.0744577940608717,0.349423343049712,0,446
"Multiome",8,"vCTB3",0.203099229125886,0,0.03160466447911,0,0,0,1.58019811519043,1.68213174773558,0.594156907093075,0.533311787990251,0.0339531280663824,0,1.55179144853277,1.72831338810936,0.125344495223814,0,0.00443515235293089,0,0,0,0.00551237680239858,0,-0.157751803594408,-0.177516895764167,-0.0364054471958414,-0.0479081071748002,-9.22948145743546e-05,-0.00124956121667471,-0.0528665378344222,-0.0597109945484033,0.14258150223474,0,366
"Multiome",8,"vCTB1",0.253594913719353,0,0,0,0,0,1.5530754745112,1.70446178781306,0.511557882029414,0,0.0271424514044611,0,1.6701534996892,1.90193101759175,0.102316733922296,0,0.0408653251642442,0,0,0,0.00223209396491344,0,-0.157526874196519,-0.175995314478364,-0.0312025023430989,-0.0484923479419511,-0.000795246401649433,-0.000851454887779126,0.0644373216473443,0.0726942905342076,0.167253778510313,0,199
"Multiome",8,"EVT3",0.178266739133959,0,1.03148795433987,0.871232303544888,0.00452841597319347,0,0.310835886008245,0,0.844940366874756,0.83433037801213,2.20455628488889,2.56325257663377,3.71175039049194,4.03066371792016,0.914417843017124,0.976578383478106,0.0306719719149945,0,0,0,0,0,0.40427324634605,0.458832989561291,0.242618438908821,0.26028351627324,-0.00126453457209046,-0.00101608582610937,-0.140873890695599,-0.153811352282872,0.124158123711581,0,139
"Multiome",8,"unknown2",0.466422137324422,0,0.454686937217132,0,0.0140643017351668,0,0.515846223693903,0,0.786725092776734,0.786018085829445,0.260747812551108,0,1.51902661774847,1.62830184183819,0.345447149750028,0,0.291079106187673,0,0.0117542886297578,0,0.0366324854870178,0,0.00112747407037485,-0.0147440367894774,0.0110716539726696,-0.0298496861528413,0.0106159856142128,-0.00199335473387296,-0.0472791619030598,-0.0472670101792399,0.288898670661635,0,132
"Multiome",8,"Fibroblast1",0.314115379923216,0,0.146828491864233,0,0,0,0.0497763132909941,0,0.426652385978937,0,0.070936886862772,0,2.48640617887383,2.68266252412227,0.165309454172517,0,0.338214519696911,0,0,0,0.00706322913967238,0,-0.0837795722508573,-0.0986412194644354,-0.0523464696001255,-0.0748849681777166,0.00286242460511974,-0.00159216278462913,-0.033464343007369,-0.0619590649988642,0.198328172013262,0,95
"Multiome",8,"EVT1",0.204728841345715,0,0.767561478856668,0.459808814334796,0.0111417349246833,0,1.16929447554916,1.13010987252452,0.716504341357282,0.734012511085952,0.803744711393439,0.718745006135911,2.01353744705174,2.07344473129524,0.840388771571639,0.939271751238412,0.0198935426606123,0,0,0,0.0144906463531554,0,-0.00184927323697117,-0.0273400741629619,0.120419376556606,0.118891517937192,0.000334601066200108,-0.00174810014047461,-0.0962931505601324,-0.102895010800252,0.137182324557756,0,89
"Multiome",8,"maternal macrophages",0.293884324827812,0,0.21533441804651,0,0.25790283102568,0,0.100402800520526,0,0.477925929051852,0,0.0738560280368697,0,0.331766621590645,0,0.0585524145101584,0,0.141212762774881,0,0.00531422247571252,0,0,0,0.365147375606653,0.36183403472943,0.0748635342403865,0.06679961415969,-0.000210227611157519,-0.0021597750648167,-0.0306346343530963,-0.09172877000289,0.0433736211544368,0,81
"Multiome",8,"unknown1",0.611960401016667,0,0.611102059685333,0,0,0,0.0631042261514127,0,1.00364841283288,1.12373928211785,0.048261784186673,0,1.63776096979142,1.78843437465541,0.0515469902274782,0,0.293840515697571,0,0,0,0,0,0.200649505724533,0.186021845142804,-0.0322797494576214,-0.0665440102937817,-0.00134276168374428,-0.00117193844527403,-0.0469629918263101,-0.0632595205253858,0.3549954747772,0,78
"Multiome",8,"Endothelial_cells",0.520623383407112,0,0.0747528973598961,0,0,0,0.0883504693516342,0,0.446040063600631,0,0.0904857994516186,0,1.80708673841465,2.00568997782536,0.0949176670709917,0,0.108570928875856,0,0,0,0,0,-0.107371085698366,-0.158816775890394,-0.010207134654178,-0.0430114196716114,0.00079173129415524,-0.00225936797110478,-0.0510434129628838,-0.0982606599747336,0.324855450869792,0,52
"Multiome",8,"myeloid_unknown",1.30605220855905,1.79146022244864,0,0,0,0,0.0309838776024716,0,0.509572773479275,0,0.135042344332203,0,0.360531628887193,0,0.0499334980461341,0,0.872330302323406,0,0,0,0.0873739330943979,0,0.233949673540922,0.251042851897567,0.0467217228039911,-0.0383069705533633,0.0158097252655432,-0.00216023160094588,0.161946673487744,0.137428675248879,0.662364851350705,1.02639196403286,40
"Multiome",8,"Hofbauer cells",0.388943423473969,0,0.121667623412742,0,0.0946764387253475,0,0.28685542774807,0,0.32965652653187,0,0.0341551543363057,0,0.751657851788308,0,0,0,0.517337279316898,0,0,0,0,0,0.328932343525706,0.356215470884974,0.0421827447608845,0.0415985211742858,-0.00220510538124823,-0.00193434514571868,0.014457362493697,-0.00385583620304104,0.195269241122835,0,16
"Multiome",8,"Maternal fibroblast",0.204902447062325,0,1.17634559922844,1.43411005926521,0,0,0.402865296003394,0,0.186624111372804,0,0,0,0.55971167261767,0,0.0564285210378269,0,0.495389749051834,0,0,0,0,0,0.305088409821783,0.238705233998456,-0.0539537090091098,-0.102191415577371,-0.00423559963892294,-0.00401356016084987,-0.0940664051392419,-0.0690088675687736,0.116139379625857,0,9
"Multiome",9,"vCTB2",0.0776083558470431,0,0.0163089207729135,0,0.0107262612043577,0,1.28623336796048,1.42289394411059,0.408240740029473,0,0.0451273860856943,0,1.25300072100691,1.37301769660288,0.200368007713779,0,0.0365370309992097,0,0.00130501348119054,0,0.00375047690353255,0,-0.0356976525676517,-0.0440593820676595,-0.00139395383094275,-0.0089704823905222,0.000179412890840738,0,-0.105078586078806,-0.127958957737177,0.0435250351282584,0,1847
"Multiome",9,"Fibroblast2",0.660931138027778,0,0.60171364068321,0,0.00917478024516641,0,0.0185762374950941,0,1.27883863706805,1.47589952186844,0.0675647299510051,0,1.70223137866418,1.86976875960816,0.100767420580274,0,0.69957114386876,0,0.00474499248809773,0,0.0112062296249904,0,0.205187595917473,0.199176579371119,-0.0421581779185889,-0.0713068453993428,0.00127364155751139,-0.00138488349915944,-0.0443252137156476,-0.071950634027801,0.389187966340959,0,552
"Multiome",9,"vCTBp",0.112345469411327,0,0.0120571393231325,0,0.0130405163624742,0,1.36282182703417,1.43368472350295,0.433374572862199,0,0.0386777632596714,0,1.11178730883478,1.13000573186152,0.169507976670006,0,0.062096263415783,0,0.0031169383684714,0,0.00535973985557783,0,-0.096465096156566,-0.103875115058231,-0.0418489200504151,-0.0554011315654205,0.00011664837837464,-0.000948233172133871,-0.116935548210927,-0.139563876181785,0.0714551607715311,0,524
"Multiome",9,"EVT2",0.101577858794161,0,0.963006712213781,0.676046917328804,0.0141862367603382,0,0.434062035215858,0.404451018831269,1.20626401879984,1.3247611221626,1.67570390195907,1.74484337476827,2.61629777998168,2.78924483838498,1.87747213439609,2.03003876904053,0.0684292383725963,0,0.00111404986678403,0,0.00335053481367555,0,0.272411442226414,0.217989988016393,0.253410081813037,0.266423737538323,-0.000680289296207369,-0.0010423988413059,-0.181049911180284,-0.186656316914444,0.0648500165376045,0,439
"Multiome",9,"STB",0.118704587896091,0,0.025113677026594,0,0.00532307632111407,0,0.634537038214047,0,0.404570456697604,0,0.0375585157005593,0,0.984659707674138,0.828983557320586,1.72738072572055,1.76410894233516,0.125055085296127,0,0,0,0,0,0.0801987721356134,0.0848768354445699,0.0456449081973234,0.0500727954425809,-0.000846971961282597,-0.000650976886479796,-0.0542338837472957,-0.0664985872631075,0.0697497796121328,0,223
"Multiome",9,"EVT3",0.267609734298767,0,1.70532205354196,1.88584635698364,0.00938985992054611,0,0.488622428925542,0.377059321482349,0.875702958769218,0.967262746694521,2.16199521020453,2.50110023607254,3.80872278500183,4.10098531713672,1.07076728154647,1.15521357560682,0.0905337062831498,0,0,0,0.00176385548393432,0,0.484184731441631,0.59032863270673,0.248484522521755,0.258445088224951,-0.000173016028410207,-0.000963939821668301,-0.0984298302030952,-0.118290611207788,0.183158040518505,0,168
"Multiome",9,"Fibroblast1",0.179923765960001,0,0.190735620313188,0,0.0266885886635193,0,0,0,0.416010549906895,0,0.0540736808405059,0,2.21770100892792,2.44439249251211,0.201735774657336,0,0.32714969925311,0,0,0,0,0,-0.0157813428819898,-0.0296320448221065,-0.0507779710386277,-0.0712297981118777,0.00135312805060347,-0.00141939051156574,-0.0646830304127379,-0.0821298042247507,0.101387015566872,0,168
"Multiome",9,"maternal macrophages",0.50158507063351,0,0.107467937983897,0,1.05470863459755,0,0.0576048887398473,0,0.440217855956817,0,0.101740560823739,0,0.370600556515713,0,0.0618180901602284,0,0.255213789301111,0,0,0,0,0,0.505514398473812,0.509303086480468,0.105748960389139,0.102974653694533,-0.00260398978735326,-0.00260620863520534,-0.0266849725831852,-0.0752520699726265,-0.186166820971544,0,160
"Multiome",9,"vCTB1",0.197183127942065,0,0.0398340380911252,0,0,0,1.59557038466308,1.74227429204334,0.509848124371187,0,0.0417423169243749,0,1.41797574496295,1.55259267854485,0.121981789654998,0,0.0985104904374785,0,0,0,0.0213303498181834,0,-0.155079500460088,-0.183253054009012,-0.0269941803030295,-0.0541893225800134,0.00383133032402139,-0.000960899175829634,0.0205502775700054,0.00758946089308227,0.13446232268659,0,147
"Multiome",9,"EVT1",0.147722453779851,0,0.748176696285469,0,0.0412085486849743,0,0.887692381022486,0.499030454990417,0.484099080416256,0,0.945947208387784,0,2.33470303177901,2.59157343417774,0.604243320270763,0,0.101168136040042,0,0,0,0,0,0.170225630220106,0.153869518306945,0.117684036746298,0.14144152965904,-0.000699112928963997,0,-0.0925824941880359,-0.111931843789691,0.0570833803050662,0,65
"Multiome",9,"Endothelial_cells",0.552800561987685,0,0.15630856187118,0,0.0177130327698478,0,0.0609787181286017,0,0.880415112650071,0.79708647464315,0.0793344804742498,0,1.95026460784162,2.18850196420125,0.0492712027628072,0,0.0803787170117709,0,0,0,0,0,-0.0686298449313697,-0.0790965098321562,-0.0383527764692898,-0.0578219830699363,-0.00193624614471479,-0.00321563307584624,-0.0131179298285216,0.0142864341374084,0.325516432715554,0,45
"Multiome",9,"Hofbauer cells",0.79876955147355,0,0.061787460945038,0,0.162133408249651,0,0.100667680293147,0,0.547288879956818,0,0.0397006628781404,0,0.314416947195743,0,0.0388331735660445,0,0.488722227937411,0,0,0,0,0,0.324293548742603,0.295360029156993,0.0375630754874322,-0.0238944000296286,-0.00263079932958076,-0.00238589551406605,0.0443340891603196,0.0427517543409192,0.344864911574981,0,40
"Multiome",9,"Maternal fibroblast",0.131736319902259,0,0.537579569721226,0,0,0,0.0382484649007813,0,0.262267538542891,0,0.0876566673643544,0,0.223389706395779,0,0,0,0.164871633027225,0,0,0,0,0,0.199306440446265,0.252371158788043,-0.0553028837680783,-0.0782722784037634,-0.0040619125289734,-0.00399088213278898,-0.00307898489147101,-0.0311446193882504,0.0796247869959379,0,34
"Multiome",9,"unknown2",0.216747099886575,0,0.3507547809751,0,0.0712040519689862,0,0.496398349859695,0,0.613493478345521,0,0.0804652927094191,0,0.950655911501455,0,0.263136710781339,0,0.486554947035292,0,0.603402304732034,0,0.408845407990455,0,0.0767254624947085,0.0447597429522353,0.00716453064356316,-0.0445373326208114,0.266122566319006,-0.000743381900145998,-0.0626599499378707,-0.100772475700988,0.0974695713902454,0,34
"Multiome",9,"vCTB3",0.194925066535344,0,0,0,0,0,1.48892984360132,1.78190361479105,0.655121601085998,0.631174430648759,0,0,1.48907362453578,1.72867848682326,0.075662625378813,0,0.0176670894278359,0,0,0,0.0306277639216205,0,-0.0829863349659686,-0.107202977719384,-0.0238853845004075,-0.0359499258979675,0.00277628253395357,0,-0.0952712323943576,-0.149637705513543,0.121367686676494,0,21
"Multiome",10,"vCTB2",0.13859828667107,0,0.0579030802257951,0,0.00285167224612216,0,1.22736187039478,1.48402007583877,0.381984856721264,0,0.0128726046048402,0,1.12096624889505,1.28966752543083,0.174828945969092,0,0.0192656791936201,0,0,0,0.00155885770954178,0,-0.0902986780240203,-0.121303940813827,-0.0169132457725421,-0.0429915627261833,-0.000927643809130535,-0.000671448067347257,-0.0471938543784543,-0.0659297460135673,0.0841106461163824,0,3135
"Multiome",10,"Fibroblast2",0.629580990786725,0,0.481442958849035,0,0,0,0.0348529625563568,0,0.848630438519568,0.800247231882,0.0321350797943073,0,1.66704825524726,1.86817271522587,0.0643693898053292,0,0.467648643227775,0,0,0,0.00162250787930592,0,0.169848696481292,0.162262890872752,-0.0333542342682498,-0.0541525541595761,-0.000825728496570787,-0.0016695168320666,-0.0287245833859465,-0.0528172300438897,0.382899272324632,0,1659
"Multiome",10,"vCTBp",0.186849723267565,0,0.0489136669788889,0,0.00311638844621573,0,1.32172935502796,1.56877721565051,0.393092372765199,0,0.0134963363191521,0,0.877822023671254,0.886577998148567,0.149702536759266,0,0.0382666346570681,0,0,0,0,0,-0.160165643031451,-0.185578811685474,-0.0436570039342555,-0.0618096282075506,-0.00123193929519261,-0.00131058151829836,-0.0525957483338929,-0.0568933178872352,0.118807889534316,0,1054
"Multiome",10,"Fibroblast1",0.201325063324777,0,0.10985974448224,0,0,0,0.0321096532341573,0,0.374903040882191,0,0.0311468107922757,0,2.83474665770819,3.00101063789613,0.195200400876132,0,0.163831349383098,0,0,0,0.00146761297102032,0,-0.0928834504224882,-0.120800821212865,-0.0456252360173858,-0.0663605067893072,-0.000776211442257754,-0.00191375398640758,-0.0442581211318498,-0.0688808611861866,0.134014112984963,0,789
"Multiome",10,"EVT2",0.258407264802838,0,0.670836477462477,0,0.00314834926663074,0,0.223050487740223,0,0.988106581357782,1.15463031208517,1.14397784747401,1.24110082267966,1.67693758027856,1.83402139420775,1.05285134072399,1.24911427130252,0.042792704526328,0,0,0,0.00242052572536835,0,0.0404696150444739,0.00497638131567246,0.214587410067856,0.22109488408018,-0.000666614261807349,-0.00126737455054094,-0.0704739332511698,-0.0867308901747541,0.169291559243625,0,505
"Multiome",10,"Endothelial_cells",0.455305760045312,0,0.0956901759161631,0,0,0,0.0552866895354713,0,0.448517006116581,0,0.0433922267168449,0,1.81665233390959,2.12132024640762,0.0381030887660917,0,0.0495976794994084,0,0,0,0,0,-0.16346825815941,-0.195360528634457,-0.0387615618410176,-0.0575626440626906,-0.00251024784493102,-0.00242153321705153,0.019302501561977,0.0209712865819292,0.287072325603917,0,423
"Multiome",10,"vCTB3",0.147355480062826,0,0.0489696196704102,0,0,0,1.68889475492141,1.8621772208073,0.558417237285726,0.438407565564953,0.0222777087663128,0,1.45771938793224,1.58216563210543,0.178898770385592,0,0.0350238312737278,0,0,0,0,0,-0.141686761364914,-0.168390598650851,-0.0245214450665442,-0.0374008933447525,-0.000511907932546643,-0.00113801460262481,0.0129001490407332,0.0106107363611667,0.10466333698349,0,343
"Multiome",10,"STB",0.0410124449273284,0,0.049622956589183,0,0,0,0.617981644936605,0,0.428989155447698,0,0.0346677672457822,0,0.676032734922551,0,1.03606692398971,1.00325694264638,0.0515937892578113,0,0,0,0.00131031050084099,0,0.0150639997564755,-0.00327683921202734,0.0293977772698738,0.0163876484449274,-0.000569544684853489,-0.000728543097995464,-0.0321036848805232,-0.0372533316363523,0.0265768860275903,0,300
"Multiome",10,"unknown2",0.290161734891901,0,0.333717483658711,0,0,0,0.846386474805281,0.425229634294363,0.517789440370598,0,0.231675942984496,0,1.58657519684933,1.76513833608965,0.299727384734945,0,0.229966361533325,0,0,0,0.00338364057732802,0,0.000119273886952753,-0.0286388710918365,0.00956376501632411,-0.0386749304904817,-0.000529406440370908,-0.00191565719579296,-0.0790337219390339,-0.0810877886890365,0.193316645859843,0,121
"Multiome",10,"EVT3",0.178429664574641,0,0.816082347382204,0,0,0,0.333739554026125,0,0.270283538354074,0,1.23692399078451,1.19069827311723,3.25388648694882,3.43560149669969,0.617326623392922,0,0.0319735565347799,0,0,0,0,0,0.368891934423273,0.359198093781672,0.143548306077733,0.13132367032471,-0.00123506482744237,-0.0012748172488541,-0.11552343795015,-0.137432226433385,0.124416169640453,0,99
"Multiome",10,"maternal macrophages",0.394875399728115,0,0.0240563683854882,0,0.811250838972509,0,0.108230691146753,0,0.386551185338965,0,0.0260934943075608,0,0.154482150625455,0,0.0647887825492713,0,0.203225416792834,0,0.0340330948058877,0,0,0,0.410925821789959,0.402130376588276,0.102257687677306,0.100604601094545,0.00143985093137844,-0.00219691688095682,-0.0660495550211824,-0.12033213456536,-0.189363404698442,0,54
"Multiome",10,"Hofbauer cells",0.439733598521209,0,0.126972987080845,0,0.161529541132994,0,0.234696561998546,0,0.401922857232086,0,0.0416478972331771,0,0.738105402357381,0,0,0,0.467810881110395,0,0,0,0,0,0.301299920107784,0.280089343143655,0.0708053284936589,0.0519984095208375,-0.0017500727148288,-0.00161553447185236,-0.0307774250417641,-0.0610399271114542,0.159235870432752,0,41
"Multiome",10,"EVT1",0.172815726276539,0,0.549771380040368,0,0,0,1.02286522786986,1.18162987179109,0.919311214824771,0.85688446639867,0.467638369120868,0,1.11037089391189,0.964161007447586,0.516745040882061,0.457007487976743,0.0240530256829865,0,0,0,0,0,-0.00392689176678724,-0.0400242538396342,0.0483216671323122,0.0466875921732615,-0.00180306283666604,-0.00198471629190406,-0.116711714742716,-0.133255820462991,0.11544164833505,0,19
"Multiome",10,"Maternal fibroblast",1.07862647963837,0.931778221169829,0.876267102603824,0.481178821870268,0,0,0,0,0.415677796800628,0,0,0,0.122149747324453,0,0,0,0.18080037769558,0,0,0,0,0,0.289767371342864,0.249587009467755,0.0389025459464762,0.0716144569246307,-0.000981024601940332,0,-0.0541352835073246,-0.0255197552126993,0.569236078031471,0.526032181809753,8
"Multiome",11,"vCTB2",0.107451256402741,0,0.00748155483758322,0,0.0013969641461568,0,1.24362456262149,1.44392476887313,0.480112103639572,0,0.0128008137313314,0,1.4327201736285,1.63023814234887,0.160428581128365,0,0.0189540131250396,0,0.000631290617784813,0,0,0,-0.0259752356919448,-0.0368016951024237,0.000153681332271985,-0.0428097943436833,-0.000288277413923827,0,-0.0561096072526779,-0.0772210834741228,0.0659369410837515,0,1709
"Multiome",11,"vCTBp",0.165288526200953,0,0.00354872133958794,0,0.00405982561705077,0,1.3814593114723,1.48772323750969,0.455481812561939,0,0.0189427435226403,0,1.35462854391687,1.47226247772146,0.0705403164620705,0,0.0446498456448264,0,0,0,0.00181027996890132,0,-0.0930352337520748,-0.103356504586359,-0.0419666102460306,-0.0729182535320918,1.11645416444474e-05,-0.000879518789164193,-0.0499288506735655,-0.0502420861647301,0.109500911173569,0,617
"Multiome",11,"Fibroblast2",0.533720679974853,0,0.573422408247389,0,0,0,0.0359658610555241,0,1.15049176311352,1.39100496498494,0.0169783971506263,0,1.49691167491255,1.82229668868378,0.035407547736653,0,0.344281423614117,0,0,0,0,0,0.120776794508502,0.101368751027754,-0.04378904533051,-0.0631436365033506,0.000888685065695604,0,-0.0438887214148746,-0.066341122549679,0.288583725781289,0,614
"Multiome",11,"vCTB1",0.353306287818275,0,0.00487628228766475,0,0,0,1.57720261189724,1.772575543005,0.558158065420864,0,0.0127880399010528,0,1.50641439147239,1.65076593744231,0.0263164390123723,0,0.023395427371423,0,0,0,0.00682924157912112,0,-0.178857148236959,-0.189403343014598,-0.0414661197537496,-0.0545413254568345,0.00011937806886816,0,0.100392386492762,0.100756958126447,0.222505743980697,0,277
"Multiome",11,"STB",0.0409334664773489,0,0.0224547391412236,0,0,0,0.49010322037276,0,0.398037692057254,0,0.014023777106473,0,1.04176939963464,1.10844137008929,1.6829564759866,1.84134927991218,0.127126015300644,0,0,0,0,0,0.0853642723856701,0.067444833376593,0.0562102014973541,0.0535862990862633,-7.21990064130385e-05,0,-0.0535279121945551,-0.0729456899693057,0.0279696643991903,0,223
"Multiome",11,"EVT3",0.164950967239061,0,1.7713506963881,1.93847288769995,0,0,0.559028695386388,0,0.705820960847671,0.743317643418373,2.33564959486334,2.55832884655117,3.6726302808721,3.69496884360069,0.625178605394958,0.658583330362769,0.0268476573212574,0,0,0,0,0,0.703251508163945,0.764474897588329,0.224770123762965,0.23435734691077,-0.000916713071116112,-0.00072930080001946,-0.125431337727115,-0.146621213761805,0.114261257633659,0,105
"Multiome",11,"maternal macrophages",0.487439909703028,0,0.114643195198927,0,0.484364760546501,0,0.022800320824617,0,0.429067385334283,0,0.0129548279614491,0,0.164508847688386,0,0,0,0.372005971356237,0,0,0,0,0,0.440620950099636,0.470601574360799,0.121409122636915,0.106214542062939,-0.00209344958688988,-0.00210861191395009,-0.0435581288100081,-0.0937589655484423,0.0434770022527017,0,95
"Multiome",11,"Fibroblast1",0.0680298559911613,0,0.0727186539410602,0,0,0,0.0526870279839381,0,0.274084001953716,0,0,0,2.98981236828747,3.25227695553121,0.0852962687050219,0,0.161267608001655,0,0,0,0,0,-0.0137152609125104,-0.0141240868288541,-0.056713230198978,-0.0621940679380655,-8.86656828624361e-05,0,-0.0463749887084462,-0.0459961231989266,0.0414831670064245,0,87
"Multiome",11,"EVT2",0.0930594160382233,0,1.23110857686394,1.30626705057804,0,0,0.230424473494938,0,1.04940175705485,1.12642900909943,0.817515650073287,0,2.65278701588069,2.79730919368022,1.53543961317025,1.58486493303476,0.0203175512907489,0,0,0,0,0,0.368195159233592,0.340920915856897,0.134226823514756,0.136379701925251,-0.00136388603586881,-0.00129448295816603,-0.153131829125341,-0.151298597366627,0.0640195992294049,0,54
"Multiome",11,"Maternal fibroblast",0.550629278055075,0,1.50338543001118,1.83205498119203,0,0,0.0468686674931462,0,0.318977381012774,0,0,0,0.0835772635340548,0,0,0,0.491272833161919,0,0,0,0.0338481132089355,0,0.434786803369249,0.393088785826653,-0.0411667017057158,-0.0628335433761038,0.00131489305006361,-0.00211547811501346,-0.0204830164065637,-0.00344698488493081,0.299171075935505,0,44
"Multiome",11,"Hofbauer cells",0.903361972961358,0,0.129689154665367,0,0.167626816257347,0,0.0893969985160989,0,0.509255538414296,0,0.0632107313842118,0,0.162595891509535,0,0,0,0.284664042413838,0,0,0,0,0,0.240993478946313,0.251576777203683,0.020399448690364,-0.0447113550644714,-0.0022742432047687,-0.00208481014242237,0.121023219668298,0.122471174734081,0.391446834112087,0,36
"Multiome",11,"Endothelial_cells",0.258098372476428,0,0.0882622805776218,0,0,0,0,0,0.371034630770246,0,0.0491281430102147,0,0.943411513587816,0,0.0256221024278163,0,0.0610804047562886,0,0,0,0,0,-0.100267168754917,-0.171412945732644,-0.0253728309926021,-0.0568500686547856,0.00319042097802375,-0.00197310523509093,-0.108947259374027,-0.190126210745251,0.148280920990724,0,34
"Multiome",11,"unknown2",0.29196924824975,0,0.20479968315491,0,0,0,0.547496240402384,0,0.577940316523595,0,0.109020857111809,0,0.612169089352749,0,0.0792322851908494,0,0.164154011385997,0,0.142023845606576,0,0.1135143405735,0,-0.0133351186402224,-0.100834126855905,-0.0241515534125786,-0.0547807834512987,0.0669734882026675,-0.00197991813547433,-0.027906103209661,-0.0531913292753951,0.170426258431378,0,23
"Multiome",11,"vCTB3",0.0782022847831594,0,0,0,0,0,1.63429602456492,1.86331501721428,0.94923938052642,1.0801703028795,0,0,2.12958446149461,2.12283862498737,0.297305566566799,0,0,0,0,0,0,0,-0.0501393880783137,-0.0382802076946995,-0.0136502994132703,-0.0213907591585176,-0.000660552808119264,-0.000459074053620596,-0.0357193073584483,-0.0651234982149211,0.0558675429057797,0,22
"Multiome",11,"EVT1",0.41522143205523,0,0.493339876278082,0,0,0,1.16326414812294,1.42940194588144,0.720439752832996,0.455403019727837,0.71568729443484,0,2.03355533226583,2.1087995635066,0.607211061491608,0.477681888627509,0.073460002267841,0,0,0,0,0,0.22212140561611,0.204581648414718,0.0325792075323976,0.00883744944518789,-0.0010827154106692,-0.00127042370099617,-0.00195346329782464,-0.0884656793351491,0.278627313502543,0,8
"Multiome",11,"myeloid_unknown",0,0,0,0,1.79972029394134,1.79972029394134,0,0,0,0,0,0,1.79972029394134,1.79972029394134,0,0,0,0,0,0,0,0,0.385730174744937,0.385730174744937,-0.0654786769871179,-0.0654786769871179,0,0,-0.223302717312857,-0.223302717312857,-1.02951951717037,-1.02951951717037,1
"Slide-tags",8,"STB",0.058203198367629,0,0.0216143529776181,0,NA,NA,0.0269055528292208,0,0.388568840610495,0,0.0158735995548079,0,1.1988625286116,0.693147180559945,0.806994483766127,0.693147180559945,0,0,NA,NA,NA,NA,-0.0642856150468499,-0.0793373210320736,0.0202204174424167,-0.00220239348149568,NA,NA,-0.00840011908778364,-0.0281572669197767,NA,NA,262
"Slide-tags",8,"vCTB",0.225257433844328,0,0.00635914844550409,0,NA,NA,0.750610283985393,0.693147180559945,0.391966683139799,0,0.0127182968910082,0,1.11608594284124,1.09861228866811,0.137563205661704,0,0.0132585860453953,0,NA,NA,NA,NA,-0.171568863097419,-0.186214581584687,-0.040206146389014,-0.0466647190654665,NA,NA,-0.00706280527747453,-0.0134251919939752,NA,NA,218
"Slide-tags",8,"FIB2",0.428536370320955,0,0.321597289132484,0,NA,NA,0.0103454803068649,0,0.78767734976148,0.693147180559945,0.0237168196294623,0,1.24364752237919,1.38629436111989,0.0778207415452682,0,0.321994636255758,0,NA,NA,NA,NA,-0.0105890098358273,-0.016956896589725,-0.0409058045682202,-0.0492756153219939,NA,NA,-0.0294617466591741,-0.024954942649984,NA,NA,134
"Slide-tags",8,"Hofbauer cells",1.3887364163752,1.38629436111989,0.0522772946848721,0,NA,NA,0.00900191143584345,0,0.953840500819641,1.09861228866811,0.00900191143584345,0,0.158697906964857,0,0.00900191143584345,0,0.0322715149323117,0,NA,NA,NA,NA,-0.0309441908714095,-0.0574503063075573,0.0247816252263619,0.000127863632392977,NA,NA,0.250356166531739,0.270540316619582,NA,NA,77
"Slide-tags",8,"EVT",0.29818879797456,0,0.551554719723699,0,NA,NA,0.113259209602719,0,0.906942132346158,0.693147180559945,0.607196069047585,0.346573590279973,2.18492151861188,2.52492800362477,1.21961559799075,1.38629436111989,0.0277258872223978,0,NA,NA,NA,NA,0.0188236380868386,-0.0151842216519604,0.127022811079914,0.135172054848755,NA,NA,0.000192697924043332,-0.0383611520027602,NA,NA,50
"Slide-tags",8,"Endothelial",0.574916583788779,0.346573590279973,0,0,NA,NA,0,0,0.635263897736629,0.693147180559945,0.0247552564485695,0,0.692181381860413,0.693147180559945,0,0,0,0,NA,NA,NA,NA,-0.163093221950684,-0.174765776349157,-0.0342970362775316,-0.0329568924824193,NA,NA,0.024643945292109,0.00977849592455857,NA,NA,28
"Slide-tags",8,"FIB1",0.438705384698244,0,0.0770163533955495,0,NA,NA,0,0,0.363771983833171,0,0.0256721177985165,0,2.16333323647404,2.30258509299405,0.0813786880494896,0,0.0256721177985165,0,NA,NA,NA,NA,-0.111745078004738,-0.13460049964625,-0.0236710942484428,-0.0366689192237326,NA,NA,0.00150166838728844,-0.0522220030611667,NA,NA,27
"Slide-tags",8,"STB-progenitor",0.0406893440247448,0,0,0,NA,NA,0.199084385469784,0,0.423380795404804,0,0,0,0.718989473223509,0,0.838497014835008,0.693147180559945,0,0,NA,NA,NA,NA,-0.086001253050458,-0.0850471125013482,-0.00764067201998865,0.00610603249538914,NA,NA,-0.0285051685900257,-0.0429546280872602,NA,NA,27
"Slide-tags",8,"EVT-progenitor",0,0,1.11846884639582,1.09861228866811,NA,NA,0.118328888085143,0,1.42046082601715,1.79175946922805,0.90435056861674,0.693147180559945,2.03317799203092,2.07944154167984,1.18342361319691,1.38629436111989,0.0523148708889576,0,NA,NA,NA,NA,0.247665369283981,0.273890771859874,0.102372873766653,0.10257031166778,NA,NA,-0.0598864956408122,-0.0603588987630909,NA,NA,21
"Slide-tags",8,"vCTB1",0.387120101090789,0.346573590279973,0,0,NA,NA,0.635610766069589,0.693147180559945,0.2484906649788,0,0,0,1.35845868193311,1.70059869083108,0,0,0,0,NA,NA,NA,NA,-0.215483024403277,-0.199551043959141,-0.0445114685243996,-0.0603166330844899,NA,NA,-0.0345436573639199,-0.0254162832232573,NA,NA,10
"Slide-tags",8,"EVT3",0.231049060186648,0,0.577622650466621,0.346573590279973,NA,NA,0,0,0.115524530093324,0,0.693147180559945,0.693147180559945,3.95352615642556,4.46531323458679,0.549306144334055,0.549306144334055,0,0,NA,NA,NA,NA,0.150709860581578,0.156923122509219,0.148457917325716,0.176309769396508,NA,NA,-0.0304360908381153,-0.0336377813598044,NA,NA,6
"Slide-tags",8,"Erythroblasts",0.529675638391324,0.346573590279973,0,0,NA,NA,0.231049060186648,0,0.614813242352323,0.693147180559945,0,0,1.2904003369693,1.242453324894,0,0,0,0,NA,NA,NA,NA,-0.131144284993248,-0.138561631536928,-0.00323399443369374,-0.0136000756434522,NA,NA,0.0442982804044119,0.0369016159524485,NA,NA,6
"Slide-tags",8,"vCTB2",0,0,0,0,NA,NA,0.549306144334055,0.549306144334055,0.693147180559945,0.693147180559945,0,0,0.895879734614027,0.895879734614027,0,0,0,0,NA,NA,NA,NA,-0.0211396655505376,-0.0211396655505376,-0.0208798589231544,-0.0208798589231544,NA,NA,-0.0660485117843193,-0.0660485117843193,NA,NA,2
"Slide-tags",9,"vCTB",0.219183395451891,0,0.00407733635623497,0,NA,NA,0.795954114407628,0.693147180559945,0.462830809041192,0.693147180559945,0.00407733635623497,0,1.20928671913874,1.38629436111989,0.0244640181374098,0,0.00815467271246994,0,NA,NA,NA,NA,-0.182303871726792,-0.187252983946125,-0.0435354247176142,-0.0487918371178143,NA,NA,-0.000472613580562507,-0.0138517708072673,NA,NA,170
"Slide-tags",9,"FIB2",0.850860535647892,0.693147180559945,0.276800709576602,0,NA,NA,0.00761700198417522,0,1.16899734996944,1.38629436111989,0,0,1.52789136134948,1.6094379124341,0.0273066664811868,0,0.330704828020981,0,NA,NA,NA,NA,0.00249499603975503,0.00374010837160385,-0.0440557575178078,-0.0575316782685028,NA,NA,0.0643288819769075,0.0529703432609707,NA,NA,91
"Slide-tags",9,"STB",0.115524530093324,0,0,0,NA,NA,0,0,0.391280198958698,0.346573590279973,0,0,2.23594775150495,2.07944154167984,0.800470411097973,1.09861228866811,0,0,NA,NA,NA,NA,-0.0467198920047269,-0.0809792171903246,0.0095922420367605,-0.0122550197759785,NA,NA,0.0107424947132905,0.00945203117521094,NA,NA,36
"Slide-tags",9,"FIB1",0.270032602620586,0,0.109716044569747,0,NA,NA,0,0,0.488548579678734,0,0,0,1.55768148579369,1.79175946922805,0.111797932348378,0,0.365352289041029,0,NA,NA,NA,NA,-0.134239295673389,-0.147105443419824,-0.0570177986849233,-0.0576058860801717,NA,NA,-0.00656540603455792,-0.00365323584875382,NA,NA,31
"Slide-tags",9,"Hofbauer cells",1.48058056149747,1.70059869083108,0.0955733326841539,0,NA,NA,0,0,1.06317319634144,1.242453324894,0,0,0.133297534723066,0,0,0,0.0799785208338398,0,NA,NA,NA,NA,0.00772591773448533,-0.0321963476709802,0.0359985364966475,0.0330657747800223,NA,NA,0.25320608816943,0.298056016056875,NA,NA,26
"Slide-tags",9,"Endothelial",0.555350060867317,0,0,0,NA,NA,0.0457755120278379,0,0.633213415465824,0.693147180559945,0,0,1.44454337166038,1.6094379124341,0,0,0.0288811325233311,0,NA,NA,NA,NA,-0.152462472618441,-0.17696305806355,-0.0479419074958364,-0.0446760317091513,NA,NA,0.0730812494938625,0.0473273380046339,NA,NA,24
"Slide-tags",9,"STB-progenitor",0,0,0,0,NA,NA,0.138629436111989,0,0.312142081808281,0,0,0,0.762085431728648,0,1.24691199123332,1.09861228866811,0.0924196240746594,0,NA,NA,NA,NA,-0.056475119758757,-0.0463979724563683,0.0135179597286435,-0.00879307230110209,NA,NA,-0.0349461623599679,-0.0278390409205803,NA,NA,15
"Slide-tags",9,"Erythroblasts",0.169017275179709,0,0,0,NA,NA,0.0533190138892266,0,0.169017275179709,0,0,0,0.629899163418785,0.693147180559945,0,0,0,0,NA,NA,NA,NA,-0.104622864239022,-0.124565145676033,-0.0330226664888146,-0.0365843021893737,NA,NA,0.0297920663419278,0.0619893306045763,NA,NA,13
"Slide-tags",9,"EVT",0.895879734614027,0.895879734614027,0.173286795139986,0,NA,NA,0.274653072167027,0,1.19687293569551,1.242453324894,1.26879345380846,1.38629436111989,2.85802373676392,3.03072845946401,1.00633792268379,1.03972077083992,0,0,NA,NA,NA,NA,0.0967430136756149,0.0725323880455907,0.11310436738719,0.0799444691436155,NA,NA,0.0678650509822789,0.082667621231729,NA,NA,4
"Slide-tags",9,"EVT-progenitor",0,0,0.597253156409352,0,NA,NA,0.5364793041447,0,0.998577424517997,0.693147180559945,1.13373246055405,0.693147180559945,3.49469391561891,3.8286413964891,1.0729586082894,1.6094379124341,0,0,NA,NA,NA,NA,0.517721361842303,0.455910118881428,0.138366054863436,0.188360474627246,NA,NA,0.0216993499219091,-0.0858525679783694,NA,NA,3
"Slide-tags",9,"EVT3",0,0,1.73286795139986,1.73286795139986,NA,NA,0.693147180559945,0.693147180559945,0.346573590279973,0.346573590279973,1.497866136777,1.497866136777,4.19103025871237,4.19103025871237,0.346573590279973,0.346573590279973,0,0,NA,NA,NA,NA,0.516478740192182,0.516478740192182,0.199397209889083,0.199397209889083,NA,NA,-0.0874033421431548,-0.0874033421431548,NA,NA,2
"Slide-tags",9,"vCTBp",0,0,0,0,NA,NA,0,0,0,0,0,0,1.09861228866811,1.09861228866811,0,0,0,0,NA,NA,NA,NA,-0.224031000070891,-0.224031000070891,-0.0701947157760172,-0.0701947157760172,NA,NA,0.0398779003026248,0.0398779003026248,NA,NA,1
"Slide-tags",11,"FIB2",0.379593864261843,0,0.680828058652183,0.693147180559945,NA,NA,0.0282909389878114,0,1.36472649868224,1.38629436111989,0,0,1.11253737242132,1.09861228866811,0.0720686556547553,0,0.250750718832908,0,NA,NA,NA,NA,0.117550986440238,0.121649507833807,-0.0343317081351271,-0.0405029534629463,NA,NA,-0.0626704998198933,-0.081512659733544,NA,NA,190
"Slide-tags",11,"Hofbauer cells",1.00965970337291,1.09861228866811,0.033204655356165,0,NA,NA,0.00830116383904126,0,0.933646942284561,1.09861228866811,0,0,0.265156483100184,0,0.0273314262962146,0,0.0173076153167435,0,NA,NA,NA,NA,0.155759555985828,0.136839993950577,0.0516218485722182,0.0592978010857698,NA,NA,0.10806496110016,0.124477234058005,NA,NA,167
"Slide-tags",11,"STB",0,0,0.00707293041387699,0,NA,NA,0.0465749815455902,0,0.355357762665335,0,0,0,0.524820634670152,0.693147180559945,1.09585042694823,1.09861228866811,0,0,NA,NA,NA,NA,0.11823454957245,0.130687142450659,0.0452059983289478,0.0503680939178449,NA,NA,-0.0597081463111806,-0.0929266380111008,NA,NA,98
"Slide-tags",11,"vCTB",0.179859579576134,0,0,0,NA,NA,0.371238484643767,0,0.665800956503366,0.693147180559945,0,0,1.16061045890317,0.693147180559945,0.0500876643390832,0,0,0,NA,NA,NA,NA,-0.0622836875830007,-0.0759241742031259,-0.0163455631099746,-0.021967225504336,NA,NA,-0.0224861160442559,-0.0647403570759599,NA,NA,76
"Slide-tags",11,"FIB1",0.252931367961353,0,0.197412730998425,0,NA,NA,0.0468850311280755,0,0.678809764988487,0.693147180559945,0,0,1.669437408996,1.79175946922805,0.0883420986249853,0,0.155955663501516,0,NA,NA,NA,NA,-0.0298628511811766,-0.048546018544884,-0.0300708060632985,-0.0392126955443373,NA,NA,-0.0368478490867319,-0.0376817976980783,NA,NA,53
"Slide-tags",11,"EVT-progenitor",0.094477705046171,0,0.0770163533955495,0,NA,NA,0.102468873725387,0,1.02726922004372,0.693147180559945,0.0305170080185586,0,0.750471991246381,0.693147180559945,0,0,0,0,NA,NA,NA,NA,0.0775038790995773,0.0774242089429617,0.0204697822869121,-0.0182291019636411,NA,NA,-0.0149676173134483,-0.0633823825682998,NA,NA,36
"Slide-tags",11,"Erythroblasts",0.148531538691417,0,0.0784723063334364,0,NA,NA,0.0495105128971389,0,0.326024870819131,0,0,0,0.631501022177421,0.693147180559945,0,0,0,0,NA,NA,NA,NA,0.0225247580125512,-0.00374282125255834,-0.0100450732713631,-0.0127837766666871,NA,NA,0.00164376031753215,-0.0210822011912336,NA,NA,14
"Slide-tags",11,"Endothelial",0.274653072167027,0,0,0,NA,NA,0.346573590279973,0,0.173286795139986,0,0,0,1.19687293569551,0.895879734614027,0,0,0,0,NA,NA,NA,NA,-0.040446381409273,-0.0425366475825045,-0.0148955824599678,-0.0296011853409189,NA,NA,-0.100120021457087,-0.128804117587195,NA,NA,4
"Slide-tags",11,"STB-progenitor",0,0,0,0,NA,NA,0,0,1.09861228866811,1.09861228866811,0,0,1.6094379124341,1.6094379124341,1.09861228866811,1.09861228866811,0,0,NA,NA,NA,NA,0.00580909006440045,0.00580909006440045,0.0663365104263197,0.0663365104263197,NA,NA,-0.186048757525823,-0.186048757525823,NA,NA,1
"STARmap_raw",8,"EVT2",NA,NA,2.1789087195818,0,0.232153206750884,0,0.339722161271975,0,NA,NA,1.72710284553982,0,NA,NA,2.38033607184374,3.44960032414233,0.356227084858976,0,0.306664287150978,0,NA,NA,NA,NA,NA,NA,NA,NA,NA,NA,NA,NA,1291
"STARmap_raw",8,"vCTB2",NA,NA,0.275042106573805,0,0.0815010090343533,0,0.550457309299461,0,NA,NA,0.793772802952998,0,NA,NA,0.60911494920124,0,0.323605257336147,0,0.439191753474969,0,NA,NA,NA,NA,NA,NA,NA,NA,NA,NA,NA,NA,891
"STARmap_raw",8,"Fibroblast2",NA,NA,1.62847508758484,0,0.0449636315915168,0,0.411393000025219,0,NA,NA,1.34915796952244,0,NA,NA,0.392710531951105,0,0.678022920925873,0,0.787601051333424,0,NA,NA,NA,NA,NA,NA,NA,NA,NA,NA,NA,NA,787
"STARmap_raw",8,"EVT3",NA,NA,1.98955572188975,0,0.55341869090382,0,0.322692130378255,0,NA,NA,2.52832508038043,3.39936553467965,NA,NA,1.98498433012508,2.66249305058585,0.416526052866411,0,0.525433322022489,0,NA,NA,NA,NA,NA,NA,NA,NA,NA,NA,NA,NA,394
"STARmap_raw",8,"Fibroblast1",NA,NA,0.885981203742485,0,0.0557367047564569,0,0.365481900259804,0,NA,NA,1.29071070158463,0,NA,NA,0.510334002809967,0,0.459530722502442,0,0.634355063201838,0,NA,NA,NA,NA,NA,NA,NA,NA,NA,NA,NA,NA,281
"STARmap_raw",8,"STB",NA,NA,0.251031063382959,0,0.138728632621601,0,0.872328039376196,0,NA,NA,0.865800146748389,0,NA,NA,1.93245842132116,0,0.737689436316687,0,0.569479162857087,0,NA,NA,NA,NA,NA,NA,NA,NA,NA,NA,NA,NA,274
"STARmap_raw",8,"Hofbauer cells",NA,NA,0.792299139404364,0,0.266923974589501,0,0.25807530313813,0,NA,NA,2.23013826051179,3.29503949143403,NA,NA,0.349975205720603,0,0.486110840214234,0,0.499594972823041,0,NA,NA,NA,NA,NA,NA,NA,NA,NA,NA,NA,NA,256
"STARmap_raw",8,"unknown3",NA,NA,0.387255449652804,0,0.175341789295143,0,1.20657407845286,0,NA,NA,1.59661189102735,0,NA,NA,1.11404716782384,0,0.523817907844037,0,0.746304569551595,0,NA,NA,NA,NA,NA,NA,NA,NA,NA,NA,NA,NA,124
"STARmap_raw",8,"Endothelial_cells",NA,NA,0.909586335798267,0,0.056824908607703,0,0.505110881570375,0,NA,NA,1.64894808585525,0,NA,NA,0.769022367275758,0,0.461125661741517,0,0.696238030003575,0,NA,NA,NA,NA,NA,NA,NA,NA,NA,NA,NA,NA,121
"STARmap_raw",8,"maternal macrophages",NA,NA,0.806259766211123,0,0.42767714347949,0,0.273708916845193,0,NA,NA,1.80617196271441,0,NA,NA,1.09301487433312,0,0.539459334601337,0,1.16598503086545,0,NA,NA,NA,NA,NA,NA,NA,NA,NA,NA,NA,NA,38
"STARmap_raw",8,"vCTBp",NA,NA,0.709471132591017,0,0.178108009943047,0,2.46706536982511,3.41767832420624,NA,NA,1.65799768307212,0,NA,NA,1.51757764992223,0,0.706012155698017,0,0.370105001208676,0,NA,NA,NA,NA,NA,NA,NA,NA,NA,NA,NA,NA,19
"STARmap_raw",8,"unknown2",NA,NA,0.722447128802593,0,0,0,0.343089362177385,0,NA,NA,1.72045800417545,0,NA,NA,1.81868614059011,0,2.11547436669116,2.48802906944303,0.579276768171297,0,NA,NA,NA,NA,NA,NA,NA,NA,NA,NA,NA,NA,11
"STARmap_raw",9,"vCTB2",NA,NA,0.144027996164455,0,0.298928738426686,0,0.59724672813736,0,NA,NA,0.516534829086791,0,NA,NA,0.858908582196178,0,0.741510104525727,0,0.242953996700506,0,NA,NA,NA,NA,NA,NA,NA,NA,NA,NA,NA,NA,1357
"STARmap_raw",9,"EVT2",NA,NA,2.29698522078258,2.56402895740297,0.477495111506648,0,0.61478420758214,0,NA,NA,2.12330231760923,0,NA,NA,2.39875890433933,3.45999064027284,0.702874389854799,0,0.215035840045005,0,NA,NA,NA,NA,NA,NA,NA,NA,NA,NA,NA,NA,892
"STARmap_raw",9,"Fibroblast2",NA,NA,1.66059312518477,0,0.1396296126685,0,0.21633972384785,0,NA,NA,1.28015329903716,0,NA,NA,0.355024576117887,0,0.812898065579895,0,0.500290801320244,0,NA,NA,NA,NA,NA,NA,NA,NA,NA,NA,NA,NA,822
"STARmap_raw",9,"STB",NA,NA,0.112349673064235,0,0.542981886627544,0,0.479482948331632,0,NA,NA,0.534507246178216,0,NA,NA,2.24509056686197,3.12201129234711,1.63496421474519,0,0.339473986319935,0,NA,NA,NA,NA,NA,NA,NA,NA,NA,NA,NA,NA,579
"STARmap_raw",9,"Fibroblast1",NA,NA,0.967578941762746,0,0.250387594678993,0,0.264915094678455,0,NA,NA,1.10682928185303,0,NA,NA,0.595325337026762,0,0.989101953272708,0,0.5335335868199,0,NA,NA,NA,NA,NA,NA,NA,NA,NA,NA,NA,NA,345
"STARmap_raw",9,"Hofbauer cells",NA,NA,0.89282456737884,0,0.312388926657633,0,0.305391258051714,0,NA,NA,2.21286659766189,3.29487440202243,NA,NA,0.386334835395057,0,0.558878371149915,0,0.471597837226714,0,NA,NA,NA,NA,NA,NA,NA,NA,NA,NA,NA,NA,215
"STARmap_raw",9,"unknown3",NA,NA,0.241751505781062,0,0.590454187334349,0,1.55194345334873,0,NA,NA,1.04027918868035,0,NA,NA,1.38085339463212,0,1.0241218898738,0,0.635141963029901,0,NA,NA,NA,NA,NA,NA,NA,NA,NA,NA,NA,NA,164
"STARmap_raw",9,"Endothelial_cells",NA,NA,0.885049395294285,0,0.140557914796117,0,0.412545062467251,0,NA,NA,1.50041940333265,0,NA,NA,0.85625814582528,0,0.612281459474624,0,0.484463583709659,0,NA,NA,NA,NA,NA,NA,NA,NA,NA,NA,NA,NA,64
"STARmap_raw",9,"EVT3",NA,NA,2.15206945487086,0,0.729186692342937,0,0.326506650053561,0,NA,NA,2.7482257131431,3.30460471247331,NA,NA,2.43287501288012,3.27027444149553,1.59766073953374,0,0.31340450460513,0,NA,NA,NA,NA,NA,NA,NA,NA,NA,NA,NA,NA,58
"STARmap_raw",9,"vCTBp",NA,NA,0.579557067393739,0,0.596247017553949,0,1.66909406119993,0,NA,NA,0.918351426567264,0,NA,NA,0.914414614186557,0,0.280638394015643,0,0.13212287128361,0,NA,NA,NA,NA,NA,NA,NA,NA,NA,NA,NA,NA,23
"STARmap_raw",9,"maternal macrophages",NA,NA,1.24806128077363,0,0.708305543410378,0,0.900086466266493,0,NA,NA,2.20571930506934,3.28492348945209,NA,NA,0.926441451596134,0,1.24646191272625,0,0.605575561976547,0,NA,NA,NA,NA,NA,NA,NA,NA,NA,NA,NA,NA,19
"STARmap_raw",9,"unknown2",NA,NA,0.533793842315971,0,0.684851484781633,0,0,0,NA,NA,0.797870445532301,0,NA,NA,1.84692510468653,1.49634868492942,2.73588443421619,3.3557517323887,0.273189305029021,0,NA,NA,NA,NA,NA,NA,NA,NA,NA,NA,NA,NA,16
