"cell","orig.ident","nCount_RNA","nFeature_RNA","sample_id","spatial_x","spatial_y","cell_type_spatial","cell_type_cluster","dataset","nCount_SCT","nFeature_SCT","predicted.id","prediction.score.Fibroblast2","prediction.score.EVT1","prediction.score.EVT2","prediction.score.EVT3","prediction.score.Endothelial_cells","prediction.score.STB","prediction.score.vCTBp","prediction.score.vCTB2","prediction.score.unknown2","prediction.score.Fibroblast1","prediction.score.vCTB1","prediction.score.maternal.macrophages","prediction.score.Hofbauer.cells","prediction.score.vCTB3","prediction.score.Maternal.fibroblast","prediction.score.unknown1","prediction.score.myeloid_unknown","prediction.score.max","meta_umap_1","meta_umap_2","week","spatial_x_use","spatial_y_use","celltype_author","mapping_norm_method","celltype_final_conservative","celltype_final_source","celltype_final_refined","celltype_refined_source","lineage_EVT","lineage_vCTB","lineage_STB","lineage_Endothelial","lineage_Fibroblast","lineage_Macrophage","lineage_NK","celltype_lineage_rescue","lineage_score_max","lineage_label_max","niche_cluster","permissiveness_global","permissiveness_global_pct","x","y","label"
"W11_AAACCAACAATTAACC","W11",2553,1288,"W11","2562.9205","4970.87764285714","FIB2","FIB2","slidetags",4997,1280,"Fibroblast2",0.98749093310482,0,0,0,0,0,0,0,0.0125090668951804,0,0,0,0,0,0,0,0,0.98749093310482,"12.2623037018947","-4.3761600561015",11,2562.9205,4970.87764285714,"FIB2","LogNormalize","FIB2","author","FIB2","author",0.0714170004725743,0.397633264837359,0.570240675123345,-0.0553850851246637,0.545401231431879,-0.101332273639743,NA,NA,0.570240675123345,"STB","N4",3.10880600735442,0.942812842028457,2562.9205,4970.87764285714,"FIB2"
"W11_AACCTTAAGGGATGCG","W11",2708,1524,"W11","1968.53517647059","5895.64317647059","Hofbauer cells","Hofbauer cells","slidetags",5181,1514,"Hofbauer cells",0,0,0,0,0,0,0,0,0,0,0,0,0.666823854158693,0,0,0,0.333176145841308,0.666823854158693,"-0.0603508732147871","14.3963671617635",11,1968.53517647059,5895.64317647059,"Hofbauer cells","LogNormalize","Hofbauer cells","author","Hofbauer cells","author",-0.175824970993813,-0.198853968982893,0.902014323247324,-0.0286144984182405,-0.331096581104202,0.505967786872751,NA,NA,0.902014323247324,"STB","N4",3.13300155091216,0.943268879970814,1968.53517647059,5895.64317647059,"Hofbauer cells"
"W11_AAGCGAATCCCAGTAG","W11",9039,3825,"W11","4868.36301435407","1902.67409569378","FIB2","FIB2","slidetags",6761,3753,"Fibroblast2",1,0,0,0,0,0,0,0,0,0,0,0,0,0,0,0,0,1,"11.0077871003322","-4.61164131830853",11,4868.36301435407,1902.67409569378,"FIB2","LogNormalize","FIB2","author","FIB2","author",0.00762868471738914,-0.278324352552446,-0.276873720474661,-0.0993158258961962,1.95111345830233,0.00733831446816946,NA,NA,1.95111345830233,"Fibroblast","N8",2.31806151206735,0.922473549799343,4868.36301435407,1902.67409569378,"FIB2"
"W11_AAGCGGGTCATAGACC","W11",2592,1788,"W11","4948.51102222222","3128.27711111111","FIB1","FIB1","slidetags",5149,1785,"Fibroblast2",0.925252742224008,0,0,0,0,0,0,0,0,0.0747472577759922,0,0,0,0,0,0,0,0.925252742224008,"11.6275857606105","-11.5668734617106",11,4948.51102222222,3128.27711111111,"FIB1","LogNormalize","FIB1","author","FIB1","author",0.107898863462076,-0.210741701526004,0.567870045034388,-0.0463698485381291,1.41047588263921,-0.113968336017797,NA,NA,1.41047588263921,"Fibroblast","N2",2.62859058557479,0.931594308646479,4948.51102222222,3128.27711111111,"FIB1"
"W11_AAGTCTATCGGCTAGC","W11",7090,2921,"W11","4652.89346666667","3689.24804444444","Hofbauer cells","Hofbauer cells","slidetags",6568,2897,"Hofbauer cells",0,0,0,0,0,0,0,0,0,0,0,0,0.594196394777706,0,0,0,0.405803605222294,0.594196394777706,"0.146570018785411","14.3943024568685",11,4652.89346666667,3689.24804444444,"Hofbauer cells","LogNormalize","Hofbauer cells","author","Hofbauer cells","author",-0.26616152013608,-0.313047312111716,-0.159359848424838,-0.0840201198928819,-0.381893742592105,-0.0692880632117419,NA,NA,-0.0692880632117419,"Macrophage","N4",2.79517994180826,0.935789857716162,4652.89346666667,3689.24804444444,"Hofbauer cells"
"W11_AATCGCCCACCCTCAC","W11",6658,3075,"W11","2247.51786554622","1761.13788235294","FIB2","FIB2","slidetags",6419,3016,"Fibroblast2",1,0,0,0,0,0,0,0,0,0,0,0,0,0,0,0,0,1,"10.7347825684718","-3.80627957056683",11,2247.51786554622,1761.13788235294,"FIB2","LogNormalize","FIB2","author","FIB2","author",0.278935819838339,-0.0382320797885899,0.323474409499284,-0.0968858374296383,2.50271725592405,0.0316431170026265,NA,NA,2.50271725592405,"Fibroblast","N5",2.36097785322122,0.924206493980299,2247.51786554622,1761.13788235294,"FIB2"
"W11_AATTAGGCAACCTGGT","W11",6431,2891,"W11","4293.7954028777","4612.42412230216","FIB2","FIB2","slidetags",6308,2860,"Fibroblast2",1,0,0,0,0,0,0,0,0,0,0,0,0,0,0,0,0,1,"11.1379522004299","-5.79542341898602",11,4293.7954028777,4612.42412230216,"FIB2","LogNormalize","FIB2","author","FIB2","author",0.660860297234351,0.0273175796836753,0.841901811274742,-0.0766503068431976,2.38367432239544,0.0641906924740159,NA,NA,2.38367432239544,"Fibroblast","N4",3.00544031978847,0.94035023713973,4293.7954028777,4612.42412230216,"FIB2"
"W11_AATTGGGAGACAAGTG","W11",6001,2897,"W11","4236.34723076923","1883.52353846154","Hofbauer cells","Hofbauer cells","slidetags",5943,2847,"Hofbauer cells",0,0,0,0,0,0,0,0,0,0,0,0,0.75517189361507,0,0,0,0.24482810638493,0.75517189361507,"-0.0346113375254331","14.9374342851766",11,4236.34723076923,1883.52353846154,"Hofbauer cells","LogNormalize","Hofbauer cells","author","Hofbauer cells","author",-0.246975445364967,-0.253005451608859,-0.0401750752719852,-0.0634892711040612,-0.628367018283422,0.460500831690395,NA,NA,0.460500831690395,"Macrophage","N3",5.27801813304032,0.990970448741335,4236.34723076923,1883.52353846154,"Hofbauer cells"
"W11_ACCCTGTTCAAACCGT","W11",9841,3800,"W11","2821.21947368421","4397.14347368421","Hofbauer cells","Hofbauer cells","slidetags",6892,3740,"Hofbauer cells",0,0,0,0,0,0,0,0,0,0,0,0,0.960301399703451,0,0,0,0.0396986002965498,0.960301399703451,"-1.79503310535628","14.6651841097005",11,2821.21947368421,4397.14347368421,"Hofbauer cells","LogNormalize","Hofbauer cells","author","Hofbauer cells","author",-0.285441486275933,-0.31793770525364,-0.269603792371829,-0.103729567426171,-0.449857550369473,0.270566663689043,NA,NA,0.270566663689043,"Macrophage","N4",2.9844610978676,0.939529368843488,2821.21947368421,4397.14347368421,"Hofbauer cells"
"W11_ACCGGCTAGCCTAATA","W11",7435,3020,"W11","2108.5981023622","5922.35492125984","FIB2","FIB2","slidetags",6584,2989,"Fibroblast2",0.987934052613124,0,0,0,0,0,0,0,0.0120659473868768,0,0,0,0,0,0,0,0,0.987934052613124,"12.6085027375392","-4.96183767985028",11,2108.5981023622,5922.35492125984,"FIB2","LogNormalize","FIB2","author","FIB2","author",0.219486341304409,-0.160863775444365,0.210987355033414,-0.0860015931312894,1.1093936969955,-0.077512035029038,NA,NA,1.1093936969955,"Fibroblast","N4",2.64438967117427,0.93232396935425,2108.5981023622,5922.35492125984,"FIB2"
"W11_ACGCTTGAGCTGTAAC","W11",9961,3643,"W11","3387.3517254902","4538.00062745098","Hofbauer cells","Hofbauer cells","slidetags",6869,3579,"Hofbauer cells",0,0,0,0,0,0,0,0,0,0,0,0,0.938121623683758,0,0,0,0.0618783763162419,0.938121623683758,"-0.796427675230092","15.348544209493",11,3387.3517254902,4538.00062745098,"Hofbauer cells","LogNormalize","Hofbauer cells","author","Hofbauer cells","author",-0.277605410232094,-0.2984473651725,-0.073263049557678,0.0593936639514535,-0.151114574012312,0.162716376583111,NA,NA,0.162716376583111,"Macrophage","N4",3.14954712200996,0.943542502736228,3387.3517254902,4538.00062745098,"Hofbauer cells"
"W11_ACTGAATGTCATCATC","W11",6408,3016,"W11","1984.62472","5767.03212","Hofbauer cells","Hofbauer cells","slidetags",6324,2992,"Hofbauer cells",0,0,0,0,0,0,0,0,0,0,0,0,0.925806276107229,0,0,0,0.074193723892771,0.925806276107229,"-0.293307401878422","13.7544365816243",11,1984.62472,5767.03212,"Hofbauer cells","LogNormalize","Hofbauer cells","author","Hofbauer cells","author",-0.259433213739107,-0.150204486778437,0.372044019470468,-0.0921839583730905,-0.457257912487627,0.772795496217431,NA,NA,0.772795496217431,"Macrophage","N4",2.83600551673324,0.93633710324699,1984.62472,5767.03212,"Hofbauer cells"
"W11_AGACACGCACAAAGGT","W11",5572,2470,"W11","5189.55898113208","3779.13837735849","Hofbauer cells","Hofbauer cells","slidetags",5690,2454,"myeloid_unknown",0,0,0,0,0,0,0,0,0,0,0,0,0.495957209269124,0,0,0,0.504042790730876,0.504042790730876,"-0.378531881315297","12.8806343965657",11,5189.55898113208,3779.13837735849,"Hofbauer cells","LogNormalize","Hofbauer cells","author","Hofbauer cells","author",-0.210325924032439,-0.251859859084702,0.0180781576356811,-0.0616888325296732,-0.357260874437023,0.544661013316773,NA,NA,0.544661013316773,"Macrophage","N1",2.44995700700402,0.926760306457497,5189.55898113208,3779.13837735849,"Hofbauer cells"
"W11_AGGATATAGTAGCTTA","W11",779,649,"W11","4079.02529411765","1699.06211764706","vCTB","vCTB","slidetags",4496,1726,"vCTBp",0,0,0,0,0,0,0.591979435314104,0.31810652859851,0.0193813323858573,0,0.0637542537005876,0,0,0.00677845000094185,0,0,0,0.591979435314104,"-8.25007308338363","4.97617062856037",11,4079.02529411765,1699.06211764706,"vCTB","LogNormalize","vCTB","author","vCTB","author",-0.0467291603866427,0.112695326320488,0.824741439835623,-0.0269762555571974,0.00910143919906914,-0.0503491580036272,NA,NA,0.824741439835623,"STB","N6",3.68582345489688,0.949927033929223,4079.02529411765,1699.06211764706,"vCTB"
"W11_AGGTACGCATATTGAC","W11",5119,2510,"W11","1711.87367567568","5102.28962162162","Hofbauer cells","Hofbauer cells","slidetags",5475,2489,"Hofbauer cells",0,0,0,0,0,0,0,0,0,0,0,0,0.909313663922757,0,0,0,0.0906863360772428,0.909313663922757,"-0.896244712812489","14.6797896318563",11,1711.87367567568,5102.28962162162,"Hofbauer cells","LogNormalize","Hofbauer cells","author","Hofbauer cells","author",-0.229897837640763,-0.239303870529215,0.0293663494268321,-0.0592883791006676,-0.354398403755391,0.538777223904573,NA,NA,0.538777223904573,"Macrophage","N3",3.26655817549294,0.945184239328712,1711.87367567568,5102.28962162162,"Hofbauer cells"
"W11_ATGATGGAGACTTATG","W11",7369,3007,"W11","2110.13564516129","3680.50929032258","Hofbauer cells","Hofbauer cells","slidetags",6640,2960,"Hofbauer cells",0,0,0,0,0,0,0,0,0,0,0,0,0.524395447427898,0,0,0,0.475604552572102,0.524395447427898,"0.228492222087795","14.8382016115316",11,2110.13564516129,3680.50929032258,"Hofbauer cells","LogNormalize","Hofbauer cells","author","Hofbauer cells","author",-0.278518800511021,-0.279185914551077,-0.231692405388264,-0.0723669461640055,-0.38381910310691,0.0640653972050364,NA,NA,0.0640653972050364,"Macrophage","N5",2.55953465410119,0.930134987230938,2110.13564516129,3680.50929032258,"Hofbauer cells"
"W11_ATGCCTGAGAACAAGT","W11",1693,1046,"W11","3080.40823880597","1067.50754626866","EVT-progenitor","EVT-progenitor","slidetags",4496,1371,"maternal macrophages",0,0,0,0,0,0,0,0.000801940017918543,0,0,0,0.46373087432824,0.388021191066734,0,0,0,0.147445994587107,0.46373087432824,"-2.82069743488509","1.29664811421711",11,3080.40823880597,1067.50754626866,"EVT-progenitor","LogNormalize","EVT-progenitor","author","EVT-progenitor","author",-0.174405383521539,-0.183711292934994,1.18964555976373,-0.0409564127268554,0.062708706295117,0.262244536437652,NA,NA,1.18964555976373,"STB","N5",3.33852587279971,0.945640277271069,3080.40823880597,1067.50754626866,"EVT-progenitor"
"W11_ATTTAGCCATCACTTC","W11",8490,3361,"W11","3526.00357264957","5865.89690598291","Hofbauer cells","Hofbauer cells","slidetags",6788,3329,"Hofbauer cells",0,0,0,0,0,0,0,0,0,0,0,0,0.968748372577715,0,0,0,0.0312516274222851,0.968748372577715,"-1.86547113273818","14.4253493242391",11,3526.00357264957,5865.89690598291,"Hofbauer cells","LogNormalize","Hofbauer cells","author","Hofbauer cells","author",-0.260958143793697,-0.260399784355382,0.196187599322633,-0.108088216105355,-0.213265960967744,0.457637623183504,NA,NA,0.457637623183504,"Macrophage","N4",2.43253329559114,0.926121853338198,3526.00357264957,5865.89690598291,"Hofbauer cells"
"W11_CAGCCAATCCTTGCGT","W11",13295,4551,"W11","3007.81365853659","4235.60243902439","Hofbauer cells","Hofbauer cells","slidetags",6638,3519,"Hofbauer cells",0,0,0,0,0,0,0,0,0,0,0,0,0.739049876864865,0,0,0,0.260950123135135,0.739049876864865,"-0.0155142105050741","14.6768189363607",11,3007.81365853659,4235.60243902439,"Hofbauer cells","LogNormalize","Hofbauer cells","author","Hofbauer cells","author",-0.253801190742187,-0.273157904344018,0.0213403223672328,-0.12639736630418,-0.655289673079631,0.37584734857548,NA,NA,0.37584734857548,"Macrophage","N4",3.09134726727107,0.942265596497629,3007.81365853659,4235.60243902439,"Hofbauer cells"
"W11_CATATCGCATAGCTTG","W11",4813,2699,"W11","2186.91682352941","3903.61345098039","Hofbauer cells","Hofbauer cells","slidetags",5329,2671,"Hofbauer cells",0,0,0,0,0,0,0,0,0,0,0,0.206714084346639,0.402214506749026,0,0,0,0.391071408904336,0.402214506749026,"-0.417150565130299","13.9441300325521",11,2186.91682352941,3903.61345098039,"Hofbauer cells","LogNormalize","Hofbauer cells","author","Hofbauer cells","author",-0.224039109893774,-0.302275590745251,0.0924541140390849,-0.0763298926408206,-0.634680582128832,0.201582039665123,NA,NA,0.201582039665123,"Macrophage","N3",3.05545966392532,0.941535935789858,2186.91682352941,3903.61345098039,"Hofbauer cells"
"W11_CATGAGGCACCTACGG","W11",3639,1849,"W11","3586.60945454545","2724.78472727273","FIB2","FIB2","slidetags",5338,1830,"Fibroblast2",1,0,0,0,0,0,0,0,0,0,0,0,0,0,0,0,0,1,"11.862007490652","-4.06423655222576",11,3586.60945454545,2724.78472727273,"FIB2","LogNormalize","FIB2","author","FIB2","author",0.212462573871912,-0.19631285036982,0.381507333877684,0.0831987186373506,1.83719997371507,-0.125084801278529,NA,NA,1.83719997371507,"Fibroblast","N8",2.31071705953703,0.922199927033929,3586.60945454545,2724.78472727273,"FIB2"
"W11_CCAAGGCTCTCAATTC","W11",819,638,"W11","3194.2245","5680.6045","Hofbauer cells","Hofbauer cells","slidetags",4456,1693,"maternal macrophages",0,0,0,0,0,0,0,0.0196942852955804,0.211122346012051,0,0,0.489009346103354,0.0923556168854369,0,0,0,0.187818405703578,0.489009346103354,"0.388256720560008","13.5324994020589",11,3194.2245,5680.6045,"Hofbauer cells","LogNormalize","Hofbauer cells","author","Hofbauer cells","author",-0.187271482217084,-0.200415257680088,1.41107575172937,-0.0236997698351112,0.654168232040946,-0.0568572883119835,NA,NA,1.41107575172937,"STB","N4",2.32750103035682,0.922838380153229,3194.2245,5680.6045,"Hofbauer cells"
"W11_CCATTGTGTTGCGCGA","W11",5640,2643,"W11","3081.97797752809","4528.42950561798","Hofbauer cells","Hofbauer cells","slidetags",5710,2614,"Hofbauer cells",0,0,0,0,0,0,0,0,0,0,0,0,0.981941575374457,0,0,0,0.0180584246255431,0.981941575374457,"-0.771243341905659","15.153439610494",11,3081.97797752809,4528.42950561798,"Hofbauer cells","LogNormalize","Hofbauer cells","author","Hofbauer cells","author",-0.220646861265423,-0.263370377550119,-0.207892395254131,0.0622995434711685,-0.420591086820539,0.573382676738035,NA,NA,0.573382676738035,"Macrophage","N4",2.5807968790699,0.930864647938708,3081.97797752809,4528.42950561798,"Hofbauer cells"
"W11_CCCAAATAGATTCCTT","W11",3421,2189,"W11","4918.27766666667","3130.24","FIB1","FIB1","slidetags",5610,2175,"Fibroblast2",0.814929180131193,0,0,0,0,0,0,0,0,0.185070819868807,0,0,0,0,0,0,0,0.814929180131193,"11.4432510056667","-11.5765751905314",11,4918.27766666667,3130.24,"FIB1","LogNormalize","FIB1","author","FIB1","author",0.281632846649875,-0.265040493765663,-0.186099017598972,-0.0515412409860473,0.749532144199986,0.0756476495033508,NA,NA,0.749532144199986,"Fibroblast","N2",2.97888694040966,0.939438161255016,4918.27766666667,3130.24,"FIB1"
"W11_CCCTGGACACTTAGGC","W11",2418,1304,"W11","5025.04422222222","3645.34422222222","STB","STB","slidetags",5081,1310,"STB",0,0.116340317484418,0,0,0,0.883659682515582,0,0,0,0,0,0,0,0,0,0,0,0.883659682515582,"3.73424207355302","3.53188976575214",11,5025.04422222222,3645.34422222222,"STB","LogNormalize","STB","author","STB","author",-0.187664278996069,0.397285249844183,3.14890213791545,0.196947094179818,0.710887629119881,0.114206287336951,NA,NA,3.14890213791545,"STB","N1",2.53744418714583,0.929222911346224,5025.04422222222,3645.34422222222,"STB"
"W11_CCGGTTAAGTTCCTGC","W11",5983,2504,"W11","4622.78965714286","3176.48028571429","FIB2","FIB2","slidetags",5952,2481,"Fibroblast2",0.946652528477739,0,0,0,0,0,0,0,0,0,0,0,0,0,0,0.0533474715222613,0,0.946652528477739,"12.6741527238063","-4.99062720011395",11,4622.78965714286,3176.48028571429,"FIB2","LogNormalize","FIB2","author","FIB2","author",0.341912951849141,-0.266082934114977,0.0203002472077636,-0.0631460407266967,0.956498253860493,-0.121274904706473,NA,NA,0.956498253860493,"Fibroblast","N5",3.07589049529527,0.941809558555272,4622.78965714286,3176.48028571429,"FIB2"
"W11_CCTTAGTGTTTCCACG","W11",8189,3150,"W11","6106.742","2869.484","Hofbauer cells","Hofbauer cells","slidetags",6693,3127,"Hofbauer cells",0,0,0,0,0,0,0,0,0,0,0,0,0.926404242070851,0,0,0,0.0735957579291488,0.926404242070851,"-0.389642336113041","15.2006541185506",11,6106.742,2869.484,"Hofbauer cells","LogNormalize","Hofbauer cells","author","Hofbauer cells","author",-0.287492247361157,-0.168347141554061,0.923733186822838,-0.0919984846715158,-0.302344771091642,0.425547726947115,NA,NA,0.923733186822838,"STB","N4",2.82104979035162,0.936063480481576,6106.742,2869.484,"Hofbauer cells"
"W11_CGCATTACAGCAACCT","W11",11757,4089,"W11","2220.52168421053","1916.31915789474","Hofbauer cells","Hofbauer cells","slidetags",6909,3548,"Hofbauer cells",0,0,0,0,0,0,0,0,0,0,0,0,0.905067539665269,0,0,0,0.0949324603347309,0.905067539665269,"0.203730038659984","14.5418997697957",11,2220.52168421053,1916.31915789474,"Hofbauer cells","LogNormalize","Hofbauer cells","author","Hofbauer cells","author",-0.283487103150795,-0.290267171816232,-0.0627845053606944,0.169303316794416,-0.421192109414647,0.509892863154292,NA,NA,0.509892863154292,"Macrophage","N5",4.34852916247109,0.975556366289675,2220.52168421053,1916.31915789474,"Hofbauer cells"
"W11_CGCATTACAGGAATCG","W11",5910,2838,"W11","5619.38736363636","2878.27718181818","Hofbauer cells","Hofbauer cells","slidetags",5902,2818,"Hofbauer cells",0,0,0,0,0,0,0,0,0,0,0,0,0.964529633477916,0,0,0,0.0354703665220832,0.964529633477916,"-1.16079796169478","14.3418713503011",11,5619.38736363636,2878.27718181818,"Hofbauer cells","LogNormalize","Hofbauer cells","author","Hofbauer cells","author",-0.246587908030433,-0.114124358508592,-0.0376265360730741,-0.0877702168431154,-0.00698688408808412,0.620445930257216,NA,NA,0.620445930257216,"Macrophage","N4",2.27894130225013,0.920740605618387,5619.38736363636,2878.27718181818,"Hofbauer cells"
"W11_CGCCTGTGTTTAGCGA","W11",8480,2306,"W11","3383.67586206897","2481.10386206897","STB","STB","slidetags",6505,2285,"STB",0,0,0,0,0,1,0,0,0,0,0,0,0,0,0,0,0,1,"3.73845397617143","3.58740314771015",11,3383.67586206897,2481.10386206897,"STB","LogNormalize","STB","author","STB","author",-0.0687853985968642,0.0542408457564482,1.47557254292662,0.0930326148411643,-0.723669891574912,0.0190228022418282,NA,NA,1.47557254292662,"STB","N8",2.37007059371448,0.924480116745713,3383.67586206897,2481.10386206897,"STB"
"W11_CGCTCCATCCCATAGG","W11",3648,1985,"W11","3554.52613888889","5884.27044444444","Hofbauer cells","Hofbauer cells","slidetags",5336,1972,"Hofbauer cells",0,0,0,0,0,0,0,0,0,0,0,0,0.980013709457365,0,0,0,0.019986290542635,0.980013709457365,"-1.57465971325118","14.823132603658",11,3554.52613888889,5884.27044444444,"Hofbauer cells","LogNormalize","Hofbauer cells","author","Hofbauer cells","author",-0.215128511901864,-0.217489979430955,0.174860012196581,-0.0477911440358138,-0.592584216745165,0.894073153005555,NA,NA,0.894073153005555,"Macrophage","N4",2.85046822569774,0.936884348777818,3554.52613888889,5884.27044444444,"Hofbauer cells"
"W11_CGGCTCACACCTATAG","W11",2940,1668,"W11","4218.9912","3190.6913","FIB2","FIB2","slidetags",5343,1652,"Fibroblast2",0.958909284843674,0,0,0,0,0,0,0,0,0,0,0,0,0,0,0.0410907151563257,0,0.958909284843674,"12.7168811478786","-5.42015066813153",11,4218.9912,3190.6913,"FIB2","LogNormalize","FIB2","author","FIB2","author",0.142583781751939,-0.0152849636714655,-0.0619009086106233,-0.0776204660869441,0.63468867055286,-0.130125955699936,NA,NA,0.63468867055286,"Fibroblast","N4",2.5560687221355,0.929770156877052,4218.9912,3190.6913,"FIB2"
"W11_CTACTAAAGTAAGGGC","W11",583,436,"W11","6110.392","2876.6745","EVT-progenitor","EVT-progenitor","slidetags",4340,1896,"vCTB2",0,0,0,0,0,0,0.373303542351816,0.40746271980453,0.219233737843654,0,0,0,0,0,0,0,0,0.40746271980453,"-4.09628451679427","1.10145983029682",11,6110.392,2876.6745,"EVT-progenitor","LogNormalize","EVT-progenitor","author","EVT-progenitor","author",-0.0461834118935762,-0.0461312414246692,1.54102150253427,-0.0138976884938595,0.642401374937723,-0.0341275448820016,NA,NA,1.54102150253427,"STB","N4",2.53402105328928,0.928858080992339,6110.392,2876.6745,"EVT-progenitor"
"W11_CTAGTAATCTGTTGCC","W11",764,602,"W11","4510.1955","2487.16475","Hofbauer cells","Hofbauer cells","slidetags",4361,1752,"maternal macrophages",0,0,0,0,0,0,0,0.0437003953048999,0.0613131153121018,0,0,0.573682675674405,0.109954554785535,0,0,0,0.211349258923059,0.573682675674405,"0.304196319835597","13.8138438158162",11,4510.1955,2487.16475,"Hofbauer cells","LogNormalize","Hofbauer cells","author","Hofbauer cells","author",-0.0335220051136197,0.166983827373472,1.36710806124636,-0.015879161732267,0.0711274219637413,0.146305217812686,NA,NA,1.36710806124636,"STB","N8",2.44564276923552,0.926486683692083,4510.1955,2487.16475,"Hofbauer cells"
"W11_CTTGTTCCATGCTCCC","W11",13345,4482,"W11","2951.31036363636","4065.9591048951","FIB2","FIB2","slidetags",6547,3262,"Fibroblast2",1,0,0,0,0,0,0,0,0,0,0,0,0,0,0,0,0,1,"11.5240539231471","-4.55888882349652",11,2951.31036363636,4065.9591048951,"FIB2","LogNormalize","FIB2","author","FIB2","author",0.521219283369275,-0.230746702046572,-0.203066956563475,-0.139107606990156,2.58075559016593,0.102510642089985,NA,NA,2.58075559016593,"Fibroblast","N8",2.49955890595265,0.92831083546151,2951.31036363636,4065.9591048951,"FIB2"
"W11_GAAGGCTAGAGGAGGA","W11",9841,3597,"W11","3612.65238888889","5742.71127777778","Hofbauer cells","Hofbauer cells","slidetags",6858,3529,"Hofbauer cells",0,0,0,0,0,0,0,0,0,0,0,0,0.964576758088195,0,0,0,0.0354232419118047,0.964576758088195,"-1.85921133373458","14.4739981584676",11,3612.65238888889,5742.71127777778,"Hofbauer cells","LogNormalize","Hofbauer cells","author","Hofbauer cells","author",-0.282406766953435,-0.264328507918377,-0.0720799822836208,-0.110968999625072,-0.268276370888578,0.767991152723688,NA,NA,0.767991152723688,"Macrophage","N4",2.42631506231717,0.925848230572784,3612.65238888889,5742.71127777778,"Hofbauer cells"
"W11_GAAGTATAGTTTCCTG","W11",9576,3691,"W11","5560.6655","3139.01622222222","Hofbauer cells","Hofbauer cells","slidetags",6804,3649,"Hofbauer cells",0,0,0,0,0,0,0,0,0,0,0,0,0.94604736395456,0,0,0,0.0539526360454389,0.94604736395456,"-1.76563776348311","14.4996901445516",11,5560.6655,3139.01622222222,"Hofbauer cells","LogNormalize","Hofbauer cells","author","Hofbauer cells","author",-0.285659692140958,-0.299109570537143,-0.166478853559311,-0.0975472021843701,-0.542006786168179,0.250852469643106,NA,NA,0.250852469643106,"Macrophage","N4",2.28729564197612,0.921105435972273,5560.6655,3139.01622222222,"Hofbauer cells"
"W11_GAGGGAGCAGGATAAC","W11",3955,2032,"W11","4601.19","4205.22826666667","Hofbauer cells","Hofbauer cells","slidetags",5332,2013,"Hofbauer cells",0,0,0,0,0,0,0,0,0,0,0,0,0.96054548853218,0,0,0,0.0394545114678198,0.96054548853218,"-1.0730840048619","14.4229746751912",11,4601.19,4205.22826666667,"Hofbauer cells","LogNormalize","Hofbauer cells","author","Hofbauer cells","author",-0.200773755440452,-0.225431769283388,1.02918464954055,-0.0452603097560251,-0.105444529665369,0.664267522276008,NA,NA,1.02918464954055,"STB","N7",3.09497465151079,0.9423568040861,4601.19,4205.22826666667,"Hofbauer cells"
"W11_GAGTATCTCATGCCTC","W11",4567,2328,"W11","4257.57394059406","4673.88354455446","FIB2","FIB2","slidetags",5406,2310,"Fibroblast2",1,0,0,0,0,0,0,0,0,0,0,0,0,0,0,0,0,1,"12.0351194062404","-5.9804662771098",11,4257.57394059406,4673.88354455446,"FIB2","LogNormalize","FIB2","author","FIB2","author",0.268569166837945,-0.0787748887627198,0.467947290293384,-0.0486102654663353,2.16965691547249,0.0666524986693808,NA,NA,2.16965691547249,"Fibroblast","N4",2.41813007405833,0.925483400218898,4257.57394059406,4673.88354455446,"FIB2"
"W11_GATTCCTGTGTTGTGA","W11",13608,4698,"W11","3420.65117647059","4285.14866666667","Hofbauer cells","Hofbauer cells","slidetags",6657,3502,"Hofbauer cells",0,0,0,0,0,0,0,0,0,0,0,0,0.957569391832932,0,0,0,0.042430608167068,0.957569391832932,"-1.63065470073897","14.5344458513387",11,3420.65117647059,4285.14866666667,"Hofbauer cells","LogNormalize","Hofbauer cells","author","Hofbauer cells","author",-0.242068899753057,-0.237916635093435,-0.09553115268725,-0.00653015526918505,-0.12610912714348,0.754684084388668,NA,NA,0.754684084388668,"Macrophage","N5",3.00013024068306,0.940076614374316,3420.65117647059,4285.14866666667,"Hofbauer cells"
"W11_GCTATAGGTAGCCATA","W11",4974,2583,"W11","3175.135","2939.4618","FIB2","FIB2","slidetags",5416,2562,"Fibroblast2",1,0,0,0,0,0,0,0,0,0,0,0,0,0,0,0,0,1,"11.6225455918483","-5.01691570948284",11,3175.135,2939.4618,"FIB2","LogNormalize","FIB2","author","FIB2","author",0.206712639164525,-0.0843086258960748,0.720199266447824,-0.0944284731380736,3.01939876321304,0.0283194233802403,NA,NA,3.01939876321304,"Fibroblast","N3",2.31919358233085,0.922564757387815,3175.135,2939.4618,"FIB2"
"W11_GCTCTGGCATTCCTGT","W11",4757,2454,"W11","2908.30672727273","3380.74503030303","Hofbauer cells","Hofbauer cells","slidetags",5362,2429,"Hofbauer cells",0,0,0,0,0,0,0,0,0,0,0,0,0.91550238954888,0,0,0,0.08449761045112,0.91550238954888,"-0.513892539484089","13.9785681657918",11,2908.30672727273,3380.74503030303,"Hofbauer cells","LogNormalize","Hofbauer cells","author","Hofbauer cells","author",-0.204248433100464,-0.114839592146733,0.478033982470814,-0.0629080952001182,-0.190069211302449,0.351017601179803,NA,NA,0.478033982470814,"STB","N5",2.46095699712597,0.927216344399854,2908.30672727273,3380.74503030303,"Hofbauer cells"
"W11_GCTTAAATCACTTTAC","W11",3598,1831,"W11","4701.44652459016","3536.63698360656","FIB2","FIB2","slidetags",5421,1817,"Fibroblast2",1,0,0,0,0,0,0,0,0,0,0,0,0,0,0,0,0,1,"12.3811200776271","-5.2621668882243",11,4701.44652459016,3536.63698360656,"FIB2","LogNormalize","FIB2","author","FIB2","author",0.0648300096847908,-0.0204558038080027,0.385542001302519,-0.0560118933785814,1.94180333831813,0.140966921402643,NA,NA,1.94180333831813,"Fibroblast","N4",3.2536817662219,0.945001824151769,4701.44652459016,3536.63698360656,"FIB2"
"W11_GGAAGTATCATGCTCC","W11",2916,1626,"W11","3109.15539622642","5784.41256603774","Hofbauer cells","Hofbauer cells","slidetags",5379,1614,"Hofbauer cells",0,0,0,0,0,0,0,0,0,0,0,0,0.539903551336064,0,0,0,0.460096448663936,0.539903551336064,"-0.203447528822011","13.0733662538655",11,3109.15539622642,5784.41256603774,"Hofbauer cells","LogNormalize","Hofbauer cells","author","Hofbauer cells","author",-0.17868525929021,-0.0141715682543062,0.963599412638774,0.150160545276101,-0.582027899159287,0.0732207735235962,NA,NA,0.963599412638774,"STB","N4",2.31708544593817,0.922382342210872,3109.15539622642,5784.41256603774,"Hofbauer cells"
"W11_GGCGGTAAGCTAATTG","W11",17149,5007,"W11","3153.81464900662","5753.65018543046","FIB2","FIB2","slidetags",5892,2680,"Fibroblast2",1,0,0,0,0,0,0,0,0,0,0,0,0,0,0,0,0,1,"12.7662347474269","-5.92167797754925",11,3153.81464900662,5753.65018543046,"FIB2","LogNormalize","FIB2","author","FIB2","author",0.200878826189727,-0.304861916291799,-0.312408795533419,-0.0528111574697289,1.5761414105892,-0.112768482153769,NA,NA,1.5761414105892,"Fibroblast","N4",2.3343774344009,0.923294418095586,3153.81464900662,5753.65018543046,"FIB2"
"W11_GGTTAGCGTAAGGTTT","W11",7316,3106,"W11","2663.09132121212","5084.06686060606","Hofbauer cells","Hofbauer cells","slidetags",6658,3082,"Hofbauer cells",0,0,0,0,0,0,0,0,0,0,0,0,0.983257274678675,0,0,0,0.0167427253213254,0.983257274678675,"-1.47271395538527","14.6997013979085",11,2663.09132121212,5084.06686060606,"Hofbauer cells","LogNormalize","Hofbauer cells","author","Hofbauer cells","author",-0.27773166187011,-0.310224204825345,0.654481855839151,-0.089490928379957,-0.307826323499556,0.85253886254433,NA,NA,0.85253886254433,"Macrophage","N5",2.25528379413454,0.919372491791317,2663.09132121212,5084.06686060606,"Hofbauer cells"
"W11_GTACTGGTCCAGCACA","W11",5861,2839,"W11","4875.62859701492","4484.52292537313","Hofbauer cells","Hofbauer cells","slidetags",5857,2820,"Hofbauer cells",0,0,0,0,0,0,0,0,0,0,0,0,0.957807524722691,0,0,0,0.0421924752773086,0.957807524722691,"-0.437967070085591","13.7602578096517",11,4875.62859701492,4484.52292537313,"Hofbauer cells","LogNormalize","Hofbauer cells","author","Hofbauer cells","author",-0.242463615713592,-0.262155869901772,0.0880028050930806,-0.0763298926408206,-0.358689561609924,0.899968177527137,NA,NA,0.899968177527137,"Macrophage","N5",2.60820837015245,0.931320685881065,4875.62859701492,4484.52292537313,"Hofbauer cells"
"W11_GTCCAGGGTAAGCACC","W11",6484,3039,"W11","5964.246","3370.06933333333","Hofbauer cells","Hofbauer cells","slidetags",6341,2989,"Hofbauer cells",0,0,0,0,0,0,0,0,0,0,0,0,0.936878560922405,0,0,0,0.0631214390775951,0.936878560922405,"-0.549298652154988","15.3100367479451",11,5964.246,3370.06933333333,"Hofbauer cells","LogNormalize","Hofbauer cells","author","Hofbauer cells","author",-0.114046328575498,-0.285771622277846,0.261988139229386,-0.0700171465482365,-0.252116907187437,0.734435270897562,NA,NA,0.734435270897562,"Macrophage","N7",2.30688272132032,0.921926304268515,5964.246,3370.06933333333,"Hofbauer cells"
"W11_GTCCATTGTTACTTGC","W11",6317,2665,"W11","5606.34837569061","3824.48613259668","Hofbauer cells","Hofbauer cells","slidetags",6233,2634,"Hofbauer cells",0,0,0,0,0,0,0,0,0,0,0,0,0.646497615762353,0,0,0,0.353502384237647,0.646497615762353,"-0.391875811559743","12.9294777803548",11,5606.34837569061,3824.48613259668,"Hofbauer cells","LogNormalize","Hofbauer cells","author","Hofbauer cells","author",-0.251049739922646,-0.286813408939023,-0.264970986740105,0.20536781711313,-0.251698874262724,0.799702828401288,NA,NA,0.799702828401288,"Macrophage","N7",2.29616241317018,0.921379058737687,5606.34837569061,3824.48613259668,"Hofbauer cells"
"W11_GTGAACAAGCATTTCT","W11",5158,2323,"W11","6073.43077272727","3230.7245","Hofbauer cells","Hofbauer cells","slidetags",5534,2302,"Hofbauer cells",0,0,0,0,0,0,0,0,0,0,0,0,0.769717453293232,0,0,0,0.230282546706768,0.769717453293232,"-0.468381591779774","15.2822142534383",11,6073.43077272727,3230.7245,"Hofbauer cells","LogNormalize","Hofbauer cells","author","Hofbauer cells","author",-0.205885867899731,-0.251557070028015,0.189535569165907,-0.0634574562414993,-0.211939270468996,0.0854661677883625,NA,NA,0.189535569165907,"STB","N4",2.38617944966139,0.925027362276541,6073.43077272727,3230.7245,"Hofbauer cells"
"W11_GTGGACACAATAACCT","W11",11628,4122,"W11","3490.11141818182","5738.89721212121","Hofbauer cells","Hofbauer cells","slidetags",6973,3614,"Hofbauer cells",0,0,0,0,0,0,0,0,0,0,0,0,0.979177123444829,0,0,0,0.0208228765551715,0.979177123444829,"-1.45151162956435","14.7925692491658",11,3490.11141818182,5738.89721212121,"Hofbauer cells","LogNormalize","Hofbauer cells","author","Hofbauer cells","author",-0.266683832056462,-0.272442160002876,0.184954692449925,0.0200777739106509,-0.250692751332334,0.385549421999488,NA,NA,0.385549421999488,"Macrophage","N4",2.59844113620603,0.931047063115651,3490.11141818182,5738.89721212121,"Hofbauer cells"
"W11_TAATTGCCAGGCTTGT","W11",3969,2108,"W11","4641.16561111111","3702.84794444444","Hofbauer cells","Hofbauer cells","slidetags",5288,2092,"Hofbauer cells",0,0,0,0,0,0,0,0,0,0,0,0,0.955509207825369,0,0,0,0.0444907921746308,0.955509207825369,"-0.698883005125111","13.2815648012288",11,4641.16561111111,3702.84794444444,"Hofbauer cells","LogNormalize","Hofbauer cells","author","Hofbauer cells","author",-0.195317103973723,-0.20171193931077,0.377344984421965,-0.0431394569792601,-0.28331727818948,0.619112324120491,NA,NA,0.619112324120491,"Macrophage","N4",2.68854479724485,0.933327252827435,4641.16561111111,3702.84794444444,"Hofbauer cells"
"W11_TACCCGGCACATAACT","W11",12911,4009,"W11","5283.43718518519","4137.93560493827","Hofbauer cells","Hofbauer cells","slidetags",6653,3127,"Hofbauer cells",0,0,0,0,0,0,0,0,0,0,0,0,0.982385731423105,0,0,0,0.017614268576895,0.982385731423105,"-1.69610405777175","14.6125832491048",11,5283.43718518519,4137.93560493827,"Hofbauer cells","LogNormalize","Hofbauer cells","author","Hofbauer cells","author",-0.239767664719957,-0.220072286024309,-0.169792298175274,0.0228783685795799,-0.224395001742706,0.684167585677193,NA,NA,0.684167585677193,"Macrophage","N5",2.72761090407639,0.933965705946735,5283.43718518519,4137.93560493827,"Hofbauer cells"
"W11_TAGTTTGAGAGAAGGG","W11",1086,791,"W11","3222.87213333333","5813.53506666667","FIB2","FIB2","slidetags",4456,1533,"Fibroblast2",0.997538383991257,0,0,0,0,0,0,0,0,0.00246161600874282,0,0,0,0,0,0,0,0.997538383991257,"12.1349252381496","-4.36869707773846",11,3222.87213333333,5813.53506666667,"FIB2","LogNormalize","FIB2","author","FIB2","author",0.146541148706665,-0.201164349009566,1.03402275180154,-0.01646033763621,0.970445711734391,-0.0403696525301919,NA,NA,1.03402275180154,"STB","N4",3.79803367992518,0.952936884348778,3222.87213333333,5813.53506666667,"FIB2"
"W11_TATATCCTCAGTATTG","W11",5371,2630,"W11","5770.60705882353","2511.72388235294","Hofbauer cells","Hofbauer cells","slidetags",5555,2592,"Hofbauer cells",0,0,0,0,0,0,0,0,0,0,0,0,0.894973473123947,0,0,0,0.105026526876053,0.894973473123947,"-0.414588519079274","14.8999424867757",11,5770.60705882353,2511.72388235294,"Hofbauer cells","LogNormalize","Hofbauer cells","author","Hofbauer cells","author",-0.107849391939929,-0.0737716818518601,0.388069114402837,-0.0742180385516301,-0.486873846914807,0.15195874145177,NA,NA,0.388069114402837,"STB","N5",3.82126599676432,0.953575337468077,5770.60705882353,2511.72388235294,"Hofbauer cells"
"W11_TCACTGACATAAAGCA","W11",6697,3054,"W11","2594.79732467532","4927.27436363636","FIB2","FIB2","slidetags",6482,3039,"Fibroblast2",0.990292090289969,0,0,0,0,0,0,0,0.00970790971003105,0,0,0,0,0,0,0,0,0.990292090289969,"11.2236455598049","-4.46860733698529",11,2594.79732467532,4927.27436363636,"FIB2","LogNormalize","FIB2","author","FIB2","author",-0.113989986821565,-0.307937508230675,-0.228461750988717,-0.0790001064589667,1.77956832922377,-0.166949696210949,NA,NA,1.77956832922377,"Fibroblast","N4",2.56370716529524,0.930408609996352,2594.79732467532,4927.27436363636,"FIB2"
"W11_TCCAGGATCGTTATCT","W11",5793,2710,"W11","2440.36013636364","3592.34327272727","Hofbauer cells","Hofbauer cells","slidetags",5808,2682,"Hofbauer cells",0,0,0,0,0,0,0,0,0,0,0,0,0.934164222982613,0,0,0,0.0658357770173874,0.934164222982613,"-0.788291343195027","14.288015454305",11,2440.36013636364,3592.34327272727,"Hofbauer cells","LogNormalize","Hofbauer cells","author","Hofbauer cells","author",-0.0977234660053434,-0.101411709787112,0.262944060694717,-0.0740051890250486,-0.341396929421124,0.674945528238584,NA,NA,0.674945528238584,"Macrophage","N5",3.41628858693178,0.946825975921197,2440.36013636364,3592.34327272727,"Hofbauer cells"
"W11_TCGACAAGTACGATTG","W11",3819,1695,"W11","5029.83904761905","3617.65057142857","STB","STB","slidetags",5550,1684,"STB",0,0.105789221267151,0,0,0,0.894210778732849,0,0,0,0,0,0,0,0,0,0,0,0.894210778732849,"3.12152182246965","4.25193032552082",11,5029.83904761905,3617.65057142857,"STB","LogNormalize","STB","author","STB","author",-0.207187516071908,0.258401610820275,3.1279046290318,-0.0294062440237553,-0.200928292737283,-0.0771698597174251,NA,NA,3.1279046290318,"STB","N1",2.51305896899817,0.928493250638453,5029.83904761905,3617.65057142857,"STB"
"W11_TGATTCAAGGCTAATC","W11",520,407,"W11","6105.14573333333","2873.6888","vCTB","vCTB","slidetags",4377,1954,"vCTB2",0,0,0,0,0,0,0.224086120978886,0.310237695085716,0.149257155272846,0,0,0.2784697463672,0.0379492822953525,0,0,0,0,0.310237695085716,"-3.70800340984542","-5.36738339136761",11,6105.14573333333,2873.6888,"vCTB","LogNormalize","vCTB","author","vCTB","author",-0.0745179878675052,-0.0816500937050912,1.24874541642504,-0.0106212027717733,-0.304132431303883,0.13778066669849,NA,NA,1.24874541642504,"STB","N4",2.27321771669059,0.920284567676031,6105.14573333333,2873.6888,"vCTB"
"W11_TGGCGGTTCATTGCAA","W11",8146,3291,"W11","2518.60796638655","4221.68447058823","Hofbauer cells","Hofbauer cells","slidetags",6736,3247,"Hofbauer cells",0,0,0,0,0,0,0,0,0,0,0,0,0.52182796870783,0,0,0,0.478172031292169,0.52182796870783,"0.0981950082949938","14.6322585039266",11,2518.60796638655,4221.68447058823,"Hofbauer cells","LogNormalize","Hofbauer cells","author","Hofbauer cells","author",-0.277429281003449,-0.304617530470621,-0.225785795788043,-0.107850270578776,-0.318925434928757,0.131603956480187,NA,NA,0.131603956480187,"Macrophage","N3",2.97304977146389,0.939164538489602,2518.60796638655,4221.68447058823,"Hofbauer cells"
"W11_TTACCGTGTAAGCTTG","W11",4532,2109,"W11","3196.75627272727","3404.52754545455","Hofbauer cells","Hofbauer cells","slidetags",5439,2086,"Hofbauer cells",0,0,0,0,0,0,0,0,0,0,0,0,0.885556758512838,0,0,0,0.114443241487161,0.885556758512838,"0.193456373470241","14.1821270876058",11,3196.75627272727,3404.52754545455,"Hofbauer cells","LogNormalize","Hofbauer cells","author","Hofbauer cells","author",-0.196714590305851,-0.214822381565438,0.251544227109906,-0.0533188633854479,-0.614458623316483,0.546219302528192,NA,NA,0.546219302528192,"Macrophage","N5",3.09626226613369,0.942448011674571,3196.75627272727,3404.52754545455,"Hofbauer cells"
"W11_TTCCCGCCAGTTGCGT","W11",11982,4166,"W11","6015.03715384615","2470.89276923077","Hofbauer cells","Hofbauer cells","slidetags",6916,3565,"Hofbauer cells",0,0,0,0,0,0,0,0,0,0,0,0,0.950415432977797,0,0,0,0.0495845670222035,0.950415432977797,"-1.25286913727004","14.9736624651082",11,6015.03715384615,2470.89276923077,"Hofbauer cells","LogNormalize","Hofbauer cells","author","Hofbauer cells","author",-0.27600805677693,-0.262615640949325,-0.171992229756403,-0.117602159920034,-0.34560408239294,0.390714911931773,NA,NA,0.390714911931773,"Macrophage","N5",2.65515432665807,0.932415176942722,6015.03715384615,2470.89276923077,"Hofbauer cells"
"W11_TTGACATCAAGGAATC","W11",1754,1181,"W11","1946.53965853659","5834.15643902439","Hofbauer cells","Hofbauer cells","slidetags",4598,1398,"Hofbauer cells",0,0,0,0,0,0,0,0,0,0,0,0,0.636080500937944,0,0,0,0.363919499062056,0.636080500937944,"-0.164564513308591","13.473055928243",11,1946.53965853659,5834.15643902439,"Hofbauer cells","LogNormalize","Hofbauer cells","author","Hofbauer cells","author",-0.152115697373052,-0.206411703955374,0.674189920904382,-0.0327584795590751,0.163728238490366,0.380652855748667,NA,NA,0.674189920904382,"STB","N4",4.28370029216535,0.97254651587012,1946.53965853659,5834.15643902439,"Hofbauer cells"
"W11_TTTGGTGCAGTTTCTC","W11",7526,3362,"W11","4208.28932275132","4728.0022010582","Hofbauer cells","Hofbauer cells","slidetags",6715,3333,"Hofbauer cells",0,0,0,0,0,0,0,0,0,0,0,0,0.984287192821854,0,0,0,0.0157128071781462,0.984287192821854,"-1.83928490493972","14.4133044176229",11,4208.28932275132,4728.0022010582,"Hofbauer cells","LogNormalize","Hofbauer cells","author","Hofbauer cells","author",-0.271148165657854,-0.0195253824337593,-0.0311337177325756,-0.104097893803533,-0.248334090101528,0.931723500984339,NA,NA,0.931723500984339,"Macrophage","N4",2.45150189296879,0.926851514045969,4208.28932275132,4728.0022010582,"Hofbauer cells"
